<?xml version="1.0" encoding="UTF-8"?>
<kml xmlns="http://www.opengis.net/kml/2.2">
  <Document id="root_doc">
    <Schema id="GUAYAIBI.schema">
      <SimpleField name="Cédula" type="double"/>
      <SimpleField name="cedula" type="string"/>
      <SimpleField name="Cédula_1" type="double"/>
      <SimpleField name="N_" type="double"/>
      <SimpleField name="Nombres_y_" type="string"/>
      <SimpleField name="Sexo" type="string"/>
      <SimpleField name="Cambio_de_" type="string"/>
      <SimpleField name="Titular_se" type="string"/>
      <SimpleField name="Cédula_Ti" type="double"/>
      <SimpleField name="Situación" type="string"/>
      <SimpleField name="Comunidad" type="string"/>
      <SimpleField name="Modelo_imp" type="string"/>
      <SimpleField name="Departamen" type="string"/>
      <SimpleField name="Distrito" type="string"/>
      <SimpleField name="Localidad" type="string"/>
      <SimpleField name="Teléfono" type="string"/>
      <SimpleField name="Vivienda_L" type="double"/>
      <SimpleField name="Vivienda_1" type="double"/>
      <SimpleField name="Superficie" type="double"/>
      <SimpleField name="Situaci_1" type="string"/>
      <SimpleField name="Plantado" type="string"/>
      <SimpleField name="Parcela_La" type="double"/>
      <SimpleField name="Parcela_Lo" type="double"/>
      <SimpleField name="Grupo_Impl" type="string"/>
      <SimpleField name="Grupo_de_P" type="string"/>
      <SimpleField name="Jornales" type="double"/>
      <SimpleField name="Monto" type="double"/>
      <SimpleField name="ETAPA_FAO" type="string"/>
      <SimpleField name="Estado_del" type="string"/>
      <SimpleField name="Adjudicado" type="string"/>
      <SimpleField name="Empresa" type="string"/>
      <SimpleField name="Lote" type="string"/>
      <SimpleField name="Monitorear" type="string"/>
      <SimpleField name="Fecha_de_M" type="string"/>
      <SimpleField name="F__de_pren" type="string"/>
      <SimpleField name="Estado_FAO" type="string"/>
      <SimpleField name="Etapa_de_i" type="string"/>
      <SimpleField name="Fecha_visi" type="string"/>
      <SimpleField name="Cumple_sup" type="string"/>
      <SimpleField name="Estado_mon" type="string"/>
      <SimpleField name="Situaci_12" type="string"/>
      <SimpleField name="Observaci" type="string"/>
      <SimpleField name="Dias_trans" type="double"/>
      <SimpleField name="Prioridad" type="string"/>
      <SimpleField name="OBJECTID_1" type="int"/>
    </Schema>
    <Document id="GUAYAIBI">
      <name>GUAYAIBI</name>
      <Placemark id="GUAYAIBI.1">
        <ExtendedData>
          <SchemaData schemaUrl="#GUAYAIBI.schema">
            <SimpleData name="Cédula">8123382.00000000000</SimpleData>
            <SimpleData name="cedula">8123382</SimpleData>
            <SimpleData name="Cédula_1">8123382.00000000000</SimpleData>
            <SimpleData name="N_">230.00000000000</SimpleData>
            <SimpleData name="Nombres_y_">LUZ CLARITA ESTIGARRIBIA BLANCO</SimpleData>
            <SimpleData name="Sexo">Mujer</SimpleData>
            <SimpleData name="Cambio_de_">NO</SimpleData>
            <SimpleData name="Titular_se">NO</SimpleData>
            <SimpleData name="Cédula_Ti">0.00000000000</SimpleData>
            <SimpleData name="Situación">NO</SimpleData>
            <SimpleData name="Comunidad">Campesina</SimpleData>
            <SimpleData name="Modelo_imp">Modelo 5</SimpleData>
            <SimpleData name="Departamen">SAN PEDRO</SimpleData>
            <SimpleData name="Distrito">GUAYAIBI</SimpleData>
            <SimpleData name="Localidad">NARANJA HAI</SimpleData>
            <SimpleData name="Vivienda_L">-24.50764040000</SimpleData>
            <SimpleData name="Vivienda_1">-56.32498710000</SimpleData>
            <SimpleData name="Superficie">0.70000000000</SimpleData>
            <SimpleData name="Situaci_1">Pol?gono</SimpleData>
            <SimpleData name="Plantado">SI</SimpleData>
            <SimpleData name="Parcela_La">-24.50307810000</SimpleData>
            <SimpleData name="Parcela_Lo">-56.33237013000</SimpleData>
            <SimpleData name="Grupo_Impl">G1</SimpleData>
            <SimpleData name="Grupo_de_P">Lote 1-P3-XX-XX-XX</SimpleData>
            <SimpleData name="Jornales">0.00000000000</SimpleData>
            <SimpleData name="Monto">0.00000000000</SimpleData>
            <SimpleData name="ETAPA_FAO">Mantenimiento A?o 1.1</SimpleData>
            <SimpleData name="Estado_del">Activo</SimpleData>
            <SimpleData name="Adjudicado">SI</SimpleData>
            <SimpleData name="Empresa">Hyh Consultores SRL</SimpleData>
            <SimpleData name="Lote">Lote 1</SimpleData>
            <SimpleData name="Monitorear">Si</SimpleData>
            <SimpleData name="Fecha_de_M">12/3/2026</SimpleData>
            <SimpleData name="F__de_pren">60</SimpleData>
            <SimpleData name="Estado_FAO">Monitorear reposicion</SimpleData>
            <SimpleData name="Etapa_de_i">Mantenimiento A?o 1.1</SimpleData>
            <SimpleData name="Fecha_visi">2026/09/23</SimpleData>
            <SimpleData name="Cumple_sup">Si</SimpleData>
            <SimpleData name="Estado_mon">-</SimpleData>
            <SimpleData name="Situaci_12">-</SimpleData>
            <SimpleData name="Observaci">-</SimpleData>
            <SimpleData name="Dias_trans">4.23945601852</SimpleData>
            <SimpleData name="Prioridad">ALTA</SimpleData>
            <SimpleData name="OBJECTID_1">230</SimpleData>
          </SchemaData>
        </ExtendedData>
        <Polygon>
          <outerBoundaryIs>
            <LinearRing>
              <coordinates>
                -56.331589299892,-24.5032104996383,0
                -56.3318802002322,-24.5035728996161,0
                -56.3331410000724,-24.502957400594,0
                -56.3328622005211,-24.5025778997158,0
                -56.331589299892,-24.5032104996383,0
              </coordinates>
            </LinearRing>
          </outerBoundaryIs>
        </Polygon>
      </Placemark>
      <Placemark id="GUAYAIBI.2">
        <ExtendedData>
          <SchemaData schemaUrl="#GUAYAIBI.schema">
            <SimpleData name="Cédula">5905452.00000000000</SimpleData>
            <SimpleData name="cedula">5905452</SimpleData>
            <SimpleData name="Cédula_1">5905452.00000000000</SimpleData>
            <SimpleData name="N_">11.00000000000</SimpleData>
            <SimpleData name="Nombres_y_">MIRNA FABIOLA RIVEROS</SimpleData>
            <SimpleData name="Sexo">Mujer</SimpleData>
            <SimpleData name="Cambio_de_">NO</SimpleData>
            <SimpleData name="Titular_se">NO</SimpleData>
            <SimpleData name="Cédula_Ti">0.00000000000</SimpleData>
            <SimpleData name="Situación">NO</SimpleData>
            <SimpleData name="Comunidad">Campesina</SimpleData>
            <SimpleData name="Modelo_imp">Modelo 4</SimpleData>
            <SimpleData name="Departamen">SAN PEDRO</SimpleData>
            <SimpleData name="Distrito">GUAYAIBI</SimpleData>
            <SimpleData name="Localidad">BARRIO SAN FRANCISCO (COLONIA LUZ BELLA)</SimpleData>
            <SimpleData name="Teléfono">0983882117</SimpleData>
            <SimpleData name="Vivienda_L">-24.20812320000</SimpleData>
            <SimpleData name="Vivienda_1">-56.16747730000</SimpleData>
            <SimpleData name="Superficie">0.70000000000</SimpleData>
            <SimpleData name="Situaci_1">Pol?gono</SimpleData>
            <SimpleData name="Plantado">SI</SimpleData>
            <SimpleData name="Parcela_La">-24.20754309000</SimpleData>
            <SimpleData name="Parcela_Lo">-56.17255678000</SimpleData>
            <SimpleData name="Grupo_Impl">G1</SimpleData>
            <SimpleData name="Grupo_de_P">Lote 1-P2-XX-XX-XX</SimpleData>
            <SimpleData name="Jornales">0.00000000000</SimpleData>
            <SimpleData name="Monto">0.00000000000</SimpleData>
            <SimpleData name="ETAPA_FAO">Mantenimiento A?o 1.2</SimpleData>
            <SimpleData name="Estado_del">Activo</SimpleData>
            <SimpleData name="Adjudicado">SI</SimpleData>
            <SimpleData name="Empresa">Hyh Consultores SRL</SimpleData>
            <SimpleData name="Lote">Lote 1</SimpleData>
            <SimpleData name="Monitorear">Si</SimpleData>
            <SimpleData name="Fecha_de_M">-</SimpleData>
            <SimpleData name="F__de_pren">-</SimpleData>
            <SimpleData name="Estado_FAO">Monitorear</SimpleData>
            <SimpleData name="Etapa_de_i">Mantenimiento A?o 1.2</SimpleData>
            <SimpleData name="Fecha_visi">2026/09/22</SimpleData>
            <SimpleData name="Cumple_sup">Si</SimpleData>
            <SimpleData name="Estado_mon">-</SimpleData>
            <SimpleData name="Situaci_12">-</SimpleData>
            <SimpleData name="Observaci">-</SimpleData>
            <SimpleData name="Dias_trans">5.99231481482</SimpleData>
            <SimpleData name="Prioridad">ALTA</SimpleData>
            <SimpleData name="OBJECTID_1">11</SimpleData>
          </SchemaData>
        </ExtendedData>
        <Polygon>
          <outerBoundaryIs>
            <LinearRing>
              <coordinates>
                -56.1716897994345,-24.2076520017852,0
                -56.1735932998255,-24.2078317005731,0
                -56.1730049998307,-24.2073367005209,0
                -56.1718173007181,-24.2072822002684,0
                -56.1716897994345,-24.2076520017852,0
              </coordinates>
            </LinearRing>
          </outerBoundaryIs>
        </Polygon>
      </Placemark>
      <Placemark id="GUAYAIBI.3">
        <ExtendedData>
          <SchemaData schemaUrl="#GUAYAIBI.schema">
            <SimpleData name="Cédula">4015248.00000000000</SimpleData>
            <SimpleData name="cedula">4015248</SimpleData>
            <SimpleData name="Cédula_1">4015248.00000000000</SimpleData>
            <SimpleData name="N_">31.00000000000</SimpleData>
            <SimpleData name="Nombres_y_">ROMINA LUCIA MORENO SANCHEZ</SimpleData>
            <SimpleData name="Sexo">Mujer</SimpleData>
            <SimpleData name="Cambio_de_">NO</SimpleData>
            <SimpleData name="Titular_se">NO</SimpleData>
            <SimpleData name="Cédula_Ti">0.00000000000</SimpleData>
            <SimpleData name="Situación">NO</SimpleData>
            <SimpleData name="Comunidad">Campesina</SimpleData>
            <SimpleData name="Modelo_imp">Modelo 5</SimpleData>
            <SimpleData name="Departamen">SAN PEDRO</SimpleData>
            <SimpleData name="Distrito">GUAYAIBI</SimpleData>
            <SimpleData name="Localidad">DIOSESANO</SimpleData>
            <SimpleData name="Teléfono">0986442009</SimpleData>
            <SimpleData name="Vivienda_L">-24.51698870000</SimpleData>
            <SimpleData name="Vivienda_1">-56.40554800000</SimpleData>
            <SimpleData name="Superficie">0.70000000000</SimpleData>
            <SimpleData name="Situaci_1">Pol?gono</SimpleData>
            <SimpleData name="Plantado">SI</SimpleData>
            <SimpleData name="Parcela_La">-24.51683637000</SimpleData>
            <SimpleData name="Parcela_Lo">-56.40167747000</SimpleData>
            <SimpleData name="Grupo_Impl">G1</SimpleData>
            <SimpleData name="Grupo_de_P">Lote 1-P1-XX-XX-XX</SimpleData>
            <SimpleData name="Jornales">0.00000000000</SimpleData>
            <SimpleData name="Monto">0.00000000000</SimpleData>
            <SimpleData name="ETAPA_FAO">Mantenimiento A?o 1.2</SimpleData>
            <SimpleData name="Estado_del">Activo</SimpleData>
            <SimpleData name="Adjudicado">SI</SimpleData>
            <SimpleData name="Empresa">Hyh Consultores SRL</SimpleData>
            <SimpleData name="Lote">Lote 1</SimpleData>
            <SimpleData name="Monitorear">No</SimpleData>
            <SimpleData name="Fecha_de_M">-</SimpleData>
            <SimpleData name="F__de_pren">-</SimpleData>
            <SimpleData name="Estado_FAO">Monitorear</SimpleData>
            <SimpleData name="Etapa_de_i">Mantenimiento A?o 1.2</SimpleData>
            <SimpleData name="Fecha_visi">2026/09/03</SimpleData>
            <SimpleData name="Cumple_sup">Si</SimpleData>
            <SimpleData name="Estado_mon">-</SimpleData>
            <SimpleData name="Situaci_12">-</SimpleData>
            <SimpleData name="Observaci">-</SimpleData>
            <SimpleData name="Dias_trans">24.17576388890</SimpleData>
            <SimpleData name="Prioridad">ALTA</SimpleData>
            <SimpleData name="OBJECTID_1">31</SimpleData>
          </SchemaData>
        </ExtendedData>
        <Polygon>
          <outerBoundaryIs>
            <LinearRing>
              <coordinates>
                -56.400621700144,-24.5169417009295,0
                -56.4029149999019,-24.5171349998973,0
                -56.4025217004872,-24.5167316998962,0
                -56.4007782999231,-24.5165117008952,0
                -56.400621700144,-24.5169417009295,0
              </coordinates>
            </LinearRing>
          </outerBoundaryIs>
        </Polygon>
      </Placemark>
      <Placemark id="GUAYAIBI.4">
        <ExtendedData>
          <SchemaData schemaUrl="#GUAYAIBI.schema">
            <SimpleData name="Cédula">6680081.00000000000</SimpleData>
            <SimpleData name="cedula">6680081</SimpleData>
            <SimpleData name="Cédula_1">6680081.00000000000</SimpleData>
            <SimpleData name="N_">10.00000000000</SimpleData>
            <SimpleData name="Nombres_y_">LIDUVINA  ROA ALCARAZ</SimpleData>
            <SimpleData name="Sexo">Mujer</SimpleData>
            <SimpleData name="Cambio_de_">NO</SimpleData>
            <SimpleData name="Titular_se">NO</SimpleData>
            <SimpleData name="Cédula_Ti">0.00000000000</SimpleData>
            <SimpleData name="Situación">NO</SimpleData>
            <SimpleData name="Comunidad">Campesina</SimpleData>
            <SimpleData name="Modelo_imp">Modelo 5</SimpleData>
            <SimpleData name="Departamen">SAN PEDRO</SimpleData>
            <SimpleData name="Distrito">GUAYAIBI</SimpleData>
            <SimpleData name="Localidad">1 DE MAYO (COLONIA LUZ BELLA)</SimpleData>
            <SimpleData name="Teléfono">ND</SimpleData>
            <SimpleData name="Vivienda_L">-24.19661170000</SimpleData>
            <SimpleData name="Vivienda_1">-56.15912480000</SimpleData>
            <SimpleData name="Superficie">0.70000000000</SimpleData>
            <SimpleData name="Situaci_1">Pol?gono</SimpleData>
            <SimpleData name="Plantado">SI</SimpleData>
            <SimpleData name="Parcela_La">-24.19675294000</SimpleData>
            <SimpleData name="Parcela_Lo">-56.16563531000</SimpleData>
            <SimpleData name="Grupo_Impl">G1</SimpleData>
            <SimpleData name="Grupo_de_P">Lote 1-P3-XX-XX-XX</SimpleData>
            <SimpleData name="Jornales">0.00000000000</SimpleData>
            <SimpleData name="Monto">0.00000000000</SimpleData>
            <SimpleData name="ETAPA_FAO">Mantenimiento A?o 1.2</SimpleData>
            <SimpleData name="Estado_del">Activo</SimpleData>
            <SimpleData name="Adjudicado">SI</SimpleData>
            <SimpleData name="Empresa">Hyh Consultores SRL</SimpleData>
            <SimpleData name="Lote">Lote 1</SimpleData>
            <SimpleData name="Monitorear">Si</SimpleData>
            <SimpleData name="Fecha_de_M">-</SimpleData>
            <SimpleData name="F__de_pren">-</SimpleData>
            <SimpleData name="Estado_FAO">Monitorear</SimpleData>
            <SimpleData name="Etapa_de_i">Mantenimiento A?o 1.2</SimpleData>
            <SimpleData name="Fecha_visi">2026/09/15</SimpleData>
            <SimpleData name="Cumple_sup">Si</SimpleData>
            <SimpleData name="Estado_mon">-</SimpleData>
            <SimpleData name="Situaci_12">-</SimpleData>
            <SimpleData name="Observaci">-</SimpleData>
            <SimpleData name="Dias_trans">12.17253472220</SimpleData>
            <SimpleData name="Prioridad">ALTA</SimpleData>
            <SimpleData name="OBJECTID_1">10</SimpleData>
          </SchemaData>
        </ExtendedData>
        <Polygon>
          <outerBoundaryIs>
            <LinearRing>
              <coordinates>
                -56.1647464001428,-24.1969754005747,0
                -56.1665004003241,-24.1969982995066,0
                -56.166505299774,-24.1965162003757,0
                -56.1647541005931,-24.1965214001779,0
                -56.1647464001428,-24.1969754005747,0
              </coordinates>
            </LinearRing>
          </outerBoundaryIs>
        </Polygon>
      </Placemark>
      <Placemark id="GUAYAIBI.5">
        <ExtendedData>
          <SchemaData schemaUrl="#GUAYAIBI.schema">
            <SimpleData name="Cédula">4535317.00000000000</SimpleData>
            <SimpleData name="cedula">4535317</SimpleData>
            <SimpleData name="Cédula_1">4535317.00000000000</SimpleData>
            <SimpleData name="N_">16.00000000000</SimpleData>
            <SimpleData name="Nombres_y_">GLADYS MARLENE VILLALBA VELAZQUEZ</SimpleData>
            <SimpleData name="Sexo">Mujer</SimpleData>
            <SimpleData name="Cambio_de_">NO</SimpleData>
            <SimpleData name="Titular_se">NO</SimpleData>
            <SimpleData name="Cédula_Ti">0.00000000000</SimpleData>
            <SimpleData name="Situación">NO</SimpleData>
            <SimpleData name="Comunidad">Campesina</SimpleData>
            <SimpleData name="Modelo_imp">Modelo 5</SimpleData>
            <SimpleData name="Departamen">SAN PEDRO</SimpleData>
            <SimpleData name="Distrito">GUAYAIBI</SimpleData>
            <SimpleData name="Localidad">BARRIO SAN FRANCISCO (COLONIA LUZ BELLA)</SimpleData>
            <SimpleData name="Teléfono">0985304504</SimpleData>
            <SimpleData name="Vivienda_L">-24.21999560000</SimpleData>
            <SimpleData name="Vivienda_1">-56.17645480000</SimpleData>
            <SimpleData name="Superficie">0.70000000000</SimpleData>
            <SimpleData name="Situaci_1">Pol?gono</SimpleData>
            <SimpleData name="Plantado">SI</SimpleData>
            <SimpleData name="Parcela_La">-24.21983346000</SimpleData>
            <SimpleData name="Parcela_Lo">-56.18846846000</SimpleData>
            <SimpleData name="Grupo_Impl">G1</SimpleData>
            <SimpleData name="Grupo_de_P">Lote 1-P3-XX-XX-XX</SimpleData>
            <SimpleData name="Jornales">0.00000000000</SimpleData>
            <SimpleData name="Monto">0.00000000000</SimpleData>
            <SimpleData name="ETAPA_FAO">Mantenimiento A?o 1.2</SimpleData>
            <SimpleData name="Estado_del">Activo</SimpleData>
            <SimpleData name="Adjudicado">SI</SimpleData>
            <SimpleData name="Empresa">Hyh Consultores SRL</SimpleData>
            <SimpleData name="Lote">Lote 1</SimpleData>
            <SimpleData name="Monitorear">Si</SimpleData>
            <SimpleData name="Fecha_de_M">-</SimpleData>
            <SimpleData name="F__de_pren">-</SimpleData>
            <SimpleData name="Estado_FAO">Monitorear</SimpleData>
            <SimpleData name="Etapa_de_i">Mantenimiento A?o 1.2</SimpleData>
            <SimpleData name="Fecha_visi">2026/09/15</SimpleData>
            <SimpleData name="Cumple_sup">Si</SimpleData>
            <SimpleData name="Estado_mon">-</SimpleData>
            <SimpleData name="Situaci_12">-</SimpleData>
            <SimpleData name="Observaci">-</SimpleData>
            <SimpleData name="Dias_trans">12.22935185180</SimpleData>
            <SimpleData name="Prioridad">ALTA</SimpleData>
            <SimpleData name="OBJECTID_1">16</SimpleData>
          </SchemaData>
        </ExtendedData>
        <Polygon>
          <outerBoundaryIs>
            <LinearRing>
              <coordinates>
                -56.187973100059,-24.2194944002347,0
                -56.187961400192,-24.2201790000482,0
                -56.1889682998635,-24.2201664007776,0
                -56.1889767002866,-24.219493300072,0
                -56.187973100059,-24.2194944002347,0
              </coordinates>
            </LinearRing>
          </outerBoundaryIs>
        </Polygon>
      </Placemark>
      <Placemark id="GUAYAIBI.6">
        <ExtendedData>
          <SchemaData schemaUrl="#GUAYAIBI.schema">
            <SimpleData name="Cédula">5635213.00000000000</SimpleData>
            <SimpleData name="cedula">5635213</SimpleData>
            <SimpleData name="Cédula_1">5635213.00000000000</SimpleData>
            <SimpleData name="N_">36.00000000000</SimpleData>
            <SimpleData name="Nombres_y_">LILIANA MEZA ROMERO</SimpleData>
            <SimpleData name="Sexo">Mujer</SimpleData>
            <SimpleData name="Cambio_de_">NO</SimpleData>
            <SimpleData name="Titular_se">NO</SimpleData>
            <SimpleData name="Cédula_Ti">0.00000000000</SimpleData>
            <SimpleData name="Situación">NO</SimpleData>
            <SimpleData name="Comunidad">Campesina</SimpleData>
            <SimpleData name="Modelo_imp">Modelo 5</SimpleData>
            <SimpleData name="Departamen">SAN PEDRO</SimpleData>
            <SimpleData name="Distrito">GUAYAIBI</SimpleData>
            <SimpleData name="Localidad">PRIMAVERA REAL</SimpleData>
            <SimpleData name="Teléfono">0971403399</SimpleData>
            <SimpleData name="Vivienda_L">-24.45038800000</SimpleData>
            <SimpleData name="Vivienda_1">-56.18427670000</SimpleData>
            <SimpleData name="Superficie">0.70000000000</SimpleData>
            <SimpleData name="Situaci_1">Pol?gono</SimpleData>
            <SimpleData name="Plantado">SI</SimpleData>
            <SimpleData name="Parcela_La">-24.45164051000</SimpleData>
            <SimpleData name="Parcela_Lo">-56.18449109000</SimpleData>
            <SimpleData name="Grupo_Impl">G1</SimpleData>
            <SimpleData name="Grupo_de_P">Lote 1-P1-XX-XX-XX</SimpleData>
            <SimpleData name="Jornales">0.00000000000</SimpleData>
            <SimpleData name="Monto">0.00000000000</SimpleData>
            <SimpleData name="ETAPA_FAO">Mantenimiento A?o 1.2</SimpleData>
            <SimpleData name="Estado_del">Activo</SimpleData>
            <SimpleData name="Adjudicado">SI</SimpleData>
            <SimpleData name="Empresa">Hyh Consultores SRL</SimpleData>
            <SimpleData name="Lote">Lote 1</SimpleData>
            <SimpleData name="Monitorear">No</SimpleData>
            <SimpleData name="Fecha_de_M">-</SimpleData>
            <SimpleData name="F__de_pren">-</SimpleData>
            <SimpleData name="Estado_FAO">Monitorear</SimpleData>
            <SimpleData name="Etapa_de_i">Mantenimiento A?o 1.2</SimpleData>
            <SimpleData name="Fecha_visi">2026/09/02</SimpleData>
            <SimpleData name="Cumple_sup">Si</SimpleData>
            <SimpleData name="Estado_mon">-</SimpleData>
            <SimpleData name="Situaci_12">-</SimpleData>
            <SimpleData name="Observaci">-</SimpleData>
            <SimpleData name="Dias_trans">25.49237268520</SimpleData>
            <SimpleData name="Prioridad">ALTA</SimpleData>
            <SimpleData name="OBJECTID_1">36</SimpleData>
          </SchemaData>
        </ExtendedData>
        <Polygon>
          <outerBoundaryIs>
            <LinearRing>
              <coordinates>
                -56.1841769984913,-24.4522644996524,0
                -56.1846583995713,-24.4523426003413,0
                -56.184796199868,-24.451009600025,0
                -56.1843358630079,-24.4509264801901,0
                -56.1841769984913,-24.4522644996524,0
              </coordinates>
            </LinearRing>
          </outerBoundaryIs>
        </Polygon>
      </Placemark>
      <Placemark id="GUAYAIBI.7">
        <ExtendedData>
          <SchemaData schemaUrl="#GUAYAIBI.schema">
            <SimpleData name="Cédula">4367056.00000000000</SimpleData>
            <SimpleData name="cedula">4367056</SimpleData>
            <SimpleData name="Cédula_1">4367056.00000000000</SimpleData>
            <SimpleData name="N_">20.00000000000</SimpleData>
            <SimpleData name="Nombres_y_">ZULMA BEATRIZ AVALOS ORTIZ</SimpleData>
            <SimpleData name="Sexo">Mujer</SimpleData>
            <SimpleData name="Cambio_de_">NO</SimpleData>
            <SimpleData name="Titular_se">NO</SimpleData>
            <SimpleData name="Cédula_Ti">0.00000000000</SimpleData>
            <SimpleData name="Situación">NO</SimpleData>
            <SimpleData name="Comunidad">Campesina</SimpleData>
            <SimpleData name="Modelo_imp">Modelo 5</SimpleData>
            <SimpleData name="Departamen">SAN PEDRO</SimpleData>
            <SimpleData name="Distrito">GUAYAIBI</SimpleData>
            <SimpleData name="Localidad">LUZ BELLA SAN LUIS</SimpleData>
            <SimpleData name="Teléfono">0982768621</SimpleData>
            <SimpleData name="Vivienda_L">-24.32211090000</SimpleData>
            <SimpleData name="Vivienda_1">-56.17398160000</SimpleData>
            <SimpleData name="Superficie">0.70000000000</SimpleData>
            <SimpleData name="Situaci_1">Pol?gono</SimpleData>
            <SimpleData name="Plantado">SI</SimpleData>
            <SimpleData name="Parcela_La">-24.32106695000</SimpleData>
            <SimpleData name="Parcela_Lo">-56.17159360000</SimpleData>
            <SimpleData name="Grupo_Impl">G1</SimpleData>
            <SimpleData name="Grupo_de_P">Lote 1-P2-XX-XX-XX</SimpleData>
            <SimpleData name="Jornales">0.00000000000</SimpleData>
            <SimpleData name="Monto">0.00000000000</SimpleData>
            <SimpleData name="ETAPA_FAO">Mantenimiento A?o 1.1</SimpleData>
            <SimpleData name="Estado_del">Activo</SimpleData>
            <SimpleData name="Adjudicado">SI</SimpleData>
            <SimpleData name="Empresa">Hyh Consultores SRL</SimpleData>
            <SimpleData name="Lote">Lote 1</SimpleData>
            <SimpleData name="Monitorear">Si</SimpleData>
            <SimpleData name="Fecha_de_M">27/5/2026</SimpleData>
            <SimpleData name="F__de_pren">50</SimpleData>
            <SimpleData name="Estado_FAO">Monitorear reposicion</SimpleData>
            <SimpleData name="Etapa_de_i">Mantenimiento A?o 1.1</SimpleData>
            <SimpleData name="Fecha_visi">2026/09/23</SimpleData>
            <SimpleData name="Cumple_sup">Si</SimpleData>
            <SimpleData name="Estado_mon">-</SimpleData>
            <SimpleData name="Situaci_12">-</SimpleData>
            <SimpleData name="Observaci">-</SimpleData>
            <SimpleData name="Dias_trans">4.18041666667</SimpleData>
            <SimpleData name="Prioridad">ALTA</SimpleData>
            <SimpleData name="OBJECTID_1">20</SimpleData>
          </SchemaData>
        </ExtendedData>
        <Polygon>
          <outerBoundaryIs>
            <LinearRing>
              <coordinates>
                -56.1719913435936,-24.3214708509938,0
                -56.1720157517197,-24.3212132973097,0
                -56.1720067002205,-24.321213300322,0
                -56.1720293012248,-24.3208532461805,0
                -56.1720335990962,-24.3206067002929,0
                -56.1711783017362,-24.320625001442,0
                -56.1711911013362,-24.3215839005846,0
                -56.1719913435936,-24.3214708509938,0
              </coordinates>
            </LinearRing>
          </outerBoundaryIs>
        </Polygon>
      </Placemark>
      <Placemark id="GUAYAIBI.8">
        <ExtendedData>
          <SchemaData schemaUrl="#GUAYAIBI.schema">
            <SimpleData name="Cédula">5371206.00000000000</SimpleData>
            <SimpleData name="cedula">5371206</SimpleData>
            <SimpleData name="Cédula_1">5371206.00000000000</SimpleData>
            <SimpleData name="N_">21.00000000000</SimpleData>
            <SimpleData name="Nombres_y_">DIONISIA VERA OJEDA</SimpleData>
            <SimpleData name="Sexo">Mujer</SimpleData>
            <SimpleData name="Cambio_de_">NO</SimpleData>
            <SimpleData name="Titular_se">NO</SimpleData>
            <SimpleData name="Cédula_Ti">0.00000000000</SimpleData>
            <SimpleData name="Situación">NO</SimpleData>
            <SimpleData name="Comunidad">Campesina</SimpleData>
            <SimpleData name="Modelo_imp">Modelo 5</SimpleData>
            <SimpleData name="Departamen">SAN PEDRO</SimpleData>
            <SimpleData name="Distrito">GUAYAIBI</SimpleData>
            <SimpleData name="Localidad">CALLE 4000</SimpleData>
            <SimpleData name="Teléfono">ND</SimpleData>
            <SimpleData name="Vivienda_L">-24.56647360000</SimpleData>
            <SimpleData name="Vivienda_1">-56.35233260000</SimpleData>
            <SimpleData name="Superficie">0.70000000000</SimpleData>
            <SimpleData name="Situaci_1">Pol?gono</SimpleData>
            <SimpleData name="Plantado">SI</SimpleData>
            <SimpleData name="Parcela_La">-24.56503470000</SimpleData>
            <SimpleData name="Parcela_Lo">-56.35218677000</SimpleData>
            <SimpleData name="Grupo_Impl">G1</SimpleData>
            <SimpleData name="Grupo_de_P">Lote 1-P1-XX-XX-XX</SimpleData>
            <SimpleData name="Jornales">0.00000000000</SimpleData>
            <SimpleData name="Monto">0.00000000000</SimpleData>
            <SimpleData name="ETAPA_FAO">Mantenimiento A?o 1.2</SimpleData>
            <SimpleData name="Estado_del">Activo</SimpleData>
            <SimpleData name="Adjudicado">SI</SimpleData>
            <SimpleData name="Empresa">Hyh Consultores SRL</SimpleData>
            <SimpleData name="Lote">Lote 1</SimpleData>
            <SimpleData name="Monitorear">Si</SimpleData>
            <SimpleData name="Fecha_de_M">-</SimpleData>
            <SimpleData name="F__de_pren">-</SimpleData>
            <SimpleData name="Estado_FAO">Monitorear</SimpleData>
            <SimpleData name="Etapa_de_i">Mantenimiento A?o 1.2</SimpleData>
            <SimpleData name="Fecha_visi">2026/09/22</SimpleData>
            <SimpleData name="Cumple_sup">Si</SimpleData>
            <SimpleData name="Estado_mon">-</SimpleData>
            <SimpleData name="Situaci_12">-</SimpleData>
            <SimpleData name="Observaci">-</SimpleData>
            <SimpleData name="Dias_trans">5.17775462963</SimpleData>
            <SimpleData name="Prioridad">ALTA</SimpleData>
            <SimpleData name="OBJECTID_1">21</SimpleData>
          </SchemaData>
        </ExtendedData>
        <MultiGeometry>
          <Polygon>
            <outerBoundaryIs>
              <LinearRing>
                <coordinates>
                  -56.3520738005348,-24.5656794013384,0
                  -56.3520778014085,-24.5657352008713,0
                  -56.351726600133,-24.5657192006559,0
                  -56.3516644000898,-24.5660460001273,0
                  -56.3525338993298,-24.5660516000429,0
                  -56.3525144000322,-24.5656491015413,0
                  -56.3520738005348,-24.5656794013384,0
                </coordinates>
              </LinearRing>
            </outerBoundaryIs>
          </Polygon>
          <Polygon>
            <outerBoundaryIs>
              <LinearRing>
                <coordinates>
                  -56.3517862001509,-24.56501080037,0
                  -56.3520390007073,-24.5653074005003,0
                  -56.3525388006691,-24.56529280038,0
                  -56.3525526016774,-24.56483589986,0
                  -56.3517836003606,-24.5647714993572,0
                  -56.3517862001509,-24.56501080037,0
                </coordinates>
              </LinearRing>
            </outerBoundaryIs>
          </Polygon>
        </MultiGeometry>
      </Placemark>
      <Placemark id="GUAYAIBI.9">
        <ExtendedData>
          <SchemaData schemaUrl="#GUAYAIBI.schema">
            <SimpleData name="Cédula">6367945.00000000000</SimpleData>
            <SimpleData name="cedula">6367945</SimpleData>
            <SimpleData name="Cédula_1">6367945.00000000000</SimpleData>
            <SimpleData name="N_">3.00000000000</SimpleData>
            <SimpleData name="Nombres_y_">ADELIO ROMERO PORTILLO</SimpleData>
            <SimpleData name="Sexo">Hombre</SimpleData>
            <SimpleData name="Cambio_de_">NO</SimpleData>
            <SimpleData name="Titular_se">NO</SimpleData>
            <SimpleData name="Cédula_Ti">0.00000000000</SimpleData>
            <SimpleData name="Situación">NO</SimpleData>
            <SimpleData name="Comunidad">Campesina</SimpleData>
            <SimpleData name="Modelo_imp">Modelo 1</SimpleData>
            <SimpleData name="Departamen">SAN PEDRO</SimpleData>
            <SimpleData name="Distrito">GUAYAIBI</SimpleData>
            <SimpleData name="Localidad">URBANO</SimpleData>
            <SimpleData name="Teléfono">0984511474</SimpleData>
            <SimpleData name="Vivienda_L">-24.53083560000</SimpleData>
            <SimpleData name="Vivienda_1">-56.39558770000</SimpleData>
            <SimpleData name="Superficie">0.80000000000</SimpleData>
            <SimpleData name="Situaci_1">Pol?gono</SimpleData>
            <SimpleData name="Plantado">SI</SimpleData>
            <SimpleData name="Parcela_La">-24.52871390000</SimpleData>
            <SimpleData name="Parcela_Lo">-56.39225536000</SimpleData>
            <SimpleData name="Grupo_Impl">G1</SimpleData>
            <SimpleData name="Grupo_de_P">Lote 1-P1-XX-XX-XX</SimpleData>
            <SimpleData name="Jornales">0.00000000000</SimpleData>
            <SimpleData name="Monto">0.00000000000</SimpleData>
            <SimpleData name="ETAPA_FAO">Mantenimiento A?o 1.2</SimpleData>
            <SimpleData name="Estado_del">Activo</SimpleData>
            <SimpleData name="Adjudicado">SI</SimpleData>
            <SimpleData name="Empresa">Hyh Consultores SRL</SimpleData>
            <SimpleData name="Lote">Lote 1</SimpleData>
            <SimpleData name="Monitorear">Si</SimpleData>
            <SimpleData name="Fecha_de_M">-</SimpleData>
            <SimpleData name="F__de_pren">-</SimpleData>
            <SimpleData name="Estado_FAO">Monitorear</SimpleData>
            <SimpleData name="Etapa_de_i">Mantenimiento A?o 1.2</SimpleData>
            <SimpleData name="Fecha_visi">2026/09/23</SimpleData>
            <SimpleData name="Cumple_sup">Si</SimpleData>
            <SimpleData name="Estado_mon">-</SimpleData>
            <SimpleData name="Situaci_12">-</SimpleData>
            <SimpleData name="Observaci">-</SimpleData>
            <SimpleData name="Dias_trans">4.29650462963</SimpleData>
            <SimpleData name="Prioridad">ALTA</SimpleData>
            <SimpleData name="OBJECTID_1">3</SimpleData>
          </SchemaData>
        </ExtendedData>
        <MultiGeometry>
          <Polygon>
            <outerBoundaryIs>
              <LinearRing>
                <coordinates>
                  -56.3921889005445,-24.5295117012214,0
                  -56.3923372998651,-24.5295648008733,0
                  -56.3925059555611,-24.5292854512951,0
                  -56.3922176014856,-24.5293006003752,0
                  -56.3921889005445,-24.5295117012214,0
                </coordinates>
              </LinearRing>
            </outerBoundaryIs>
          </Polygon>
          <Polygon>
            <outerBoundaryIs>
              <LinearRing>
                <coordinates>
                  -56.3919020220929,-24.5292738738004,0
                  -56.3924491003094,-24.5292814002689,0
                  -56.3925710007321,-24.5280279999833,0
                  -56.3920869995078,-24.5279906015356,0
                  -56.3919020220929,-24.5292738738004,0
                </coordinates>
              </LinearRing>
            </outerBoundaryIs>
          </Polygon>
        </MultiGeometry>
      </Placemark>
      <Placemark id="GUAYAIBI.10">
        <ExtendedData>
          <SchemaData schemaUrl="#GUAYAIBI.schema">
            <SimpleData name="Cédula">6661009.00000000000</SimpleData>
            <SimpleData name="cedula">6661009</SimpleData>
            <SimpleData name="Cédula_1">6661009.00000000000</SimpleData>
            <SimpleData name="N_">24.00000000000</SimpleData>
            <SimpleData name="Nombres_y_">CINTHIA MENDEZ PERRENS</SimpleData>
            <SimpleData name="Sexo">Mujer</SimpleData>
            <SimpleData name="Cambio_de_">NO</SimpleData>
            <SimpleData name="Titular_se">NO</SimpleData>
            <SimpleData name="Cédula_Ti">0.00000000000</SimpleData>
            <SimpleData name="Situación">NO</SimpleData>
            <SimpleData name="Comunidad">Campesina</SimpleData>
            <SimpleData name="Modelo_imp">Modelo 5</SimpleData>
            <SimpleData name="Departamen">SAN PEDRO</SimpleData>
            <SimpleData name="Distrito">GUAYAIBI</SimpleData>
            <SimpleData name="Localidad">LUZ BELLA SAN LUIS</SimpleData>
            <SimpleData name="Teléfono">0985432459</SimpleData>
            <SimpleData name="Vivienda_L">-24.33164810000</SimpleData>
            <SimpleData name="Vivienda_1">-56.17434440000</SimpleData>
            <SimpleData name="Superficie">0.70000000000</SimpleData>
            <SimpleData name="Situaci_1">Pol?gono</SimpleData>
            <SimpleData name="Plantado">SI</SimpleData>
            <SimpleData name="Parcela_La">-24.33189704000</SimpleData>
            <SimpleData name="Parcela_Lo">-56.17796730000</SimpleData>
            <SimpleData name="Grupo_Impl">G1</SimpleData>
            <SimpleData name="Grupo_de_P">Lote 1-P2-XX-XX-XX</SimpleData>
            <SimpleData name="Jornales">0.00000000000</SimpleData>
            <SimpleData name="Monto">0.00000000000</SimpleData>
            <SimpleData name="ETAPA_FAO">Mantenimiento A?o 1.1</SimpleData>
            <SimpleData name="Estado_del">Activo</SimpleData>
            <SimpleData name="Adjudicado">SI</SimpleData>
            <SimpleData name="Empresa">Hyh Consultores SRL</SimpleData>
            <SimpleData name="Lote">Lote 1</SimpleData>
            <SimpleData name="Monitorear">Si</SimpleData>
            <SimpleData name="Fecha_de_M">13/4/2026</SimpleData>
            <SimpleData name="F__de_pren">70</SimpleData>
            <SimpleData name="Estado_FAO">Monitorear reposicion</SimpleData>
            <SimpleData name="Etapa_de_i">Mantenimiento A?o 1.1</SimpleData>
            <SimpleData name="Fecha_visi">2026/09/25</SimpleData>
            <SimpleData name="Cumple_sup">Si</SimpleData>
            <SimpleData name="Estado_mon">-</SimpleData>
            <SimpleData name="Situaci_12">-</SimpleData>
            <SimpleData name="Observaci">-</SimpleData>
            <SimpleData name="Dias_trans">2.01284722222</SimpleData>
            <SimpleData name="Prioridad">ALTA</SimpleData>
            <SimpleData name="OBJECTID_1">24</SimpleData>
          </SchemaData>
        </ExtendedData>
        <Polygon>
          <outerBoundaryIs>
            <LinearRing>
              <coordinates>
                -56.1770279006648,-24.3316910005621,0
                -56.1770129017475,-24.3320893005334,0
                -56.1789280006738,-24.3320912001814,0
                -56.178939900376,-24.3317167997585,0
                -56.1770279006648,-24.3316910005621,0
              </coordinates>
            </LinearRing>
          </outerBoundaryIs>
        </Polygon>
      </Placemark>
      <Placemark id="GUAYAIBI.11">
        <ExtendedData>
          <SchemaData schemaUrl="#GUAYAIBI.schema">
            <SimpleData name="Cédula">6664998.00000000000</SimpleData>
            <SimpleData name="cedula">6664998</SimpleData>
            <SimpleData name="Cédula_1">6664998.00000000000</SimpleData>
            <SimpleData name="N_">27.00000000000</SimpleData>
            <SimpleData name="Nombres_y_">BLANCA SOLEDAD CESPEDES GALEANO</SimpleData>
            <SimpleData name="Sexo">Mujer</SimpleData>
            <SimpleData name="Cambio_de_">NO</SimpleData>
            <SimpleData name="Titular_se">NO</SimpleData>
            <SimpleData name="Cédula_Ti">0.00000000000</SimpleData>
            <SimpleData name="Situación">NO</SimpleData>
            <SimpleData name="Comunidad">Campesina</SimpleData>
            <SimpleData name="Modelo_imp">Modelo 1</SimpleData>
            <SimpleData name="Departamen">SAN PEDRO</SimpleData>
            <SimpleData name="Distrito">GUAYAIBI</SimpleData>
            <SimpleData name="Localidad">CALLE 4000</SimpleData>
            <SimpleData name="Teléfono">0985924625</SimpleData>
            <SimpleData name="Vivienda_L">-24.56719360000</SimpleData>
            <SimpleData name="Vivienda_1">-56.32251270000</SimpleData>
            <SimpleData name="Superficie">0.80000000000</SimpleData>
            <SimpleData name="Situaci_1">Pol?gono</SimpleData>
            <SimpleData name="Plantado">SI</SimpleData>
            <SimpleData name="Parcela_La">-24.57148055000</SimpleData>
            <SimpleData name="Parcela_Lo">-56.32220879000</SimpleData>
            <SimpleData name="Grupo_Impl">G1</SimpleData>
            <SimpleData name="Grupo_de_P">Lote 1-P1-XX-XX-XX</SimpleData>
            <SimpleData name="Jornales">0.00000000000</SimpleData>
            <SimpleData name="Monto">0.00000000000</SimpleData>
            <SimpleData name="ETAPA_FAO">Mantenimiento A?o 1.2</SimpleData>
            <SimpleData name="Estado_del">Activo</SimpleData>
            <SimpleData name="Adjudicado">SI</SimpleData>
            <SimpleData name="Empresa">Hyh Consultores SRL</SimpleData>
            <SimpleData name="Lote">Lote 1</SimpleData>
            <SimpleData name="Monitorear">No</SimpleData>
            <SimpleData name="Fecha_de_M">-</SimpleData>
            <SimpleData name="F__de_pren">-</SimpleData>
            <SimpleData name="Estado_FAO">Monitorear</SimpleData>
            <SimpleData name="Etapa_de_i">Mantenimiento A?o 1.2</SimpleData>
            <SimpleData name="Fecha_visi">2026/09/22</SimpleData>
            <SimpleData name="Cumple_sup">Si</SimpleData>
            <SimpleData name="Estado_mon">-</SimpleData>
            <SimpleData name="Situaci_12">-</SimpleData>
            <SimpleData name="Observaci">-</SimpleData>
            <SimpleData name="Dias_trans">5.18186342593</SimpleData>
            <SimpleData name="Prioridad">ALTA</SimpleData>
            <SimpleData name="OBJECTID_1">27</SimpleData>
          </SchemaData>
        </ExtendedData>
        <Polygon>
          <outerBoundaryIs>
            <LinearRing>
              <coordinates>
                -56.3219188996649,-24.5720354003257,0
                -56.3224861999935,-24.5721139012839,0
                -56.3225644998574,-24.5709675013587,0
                -56.3218621423821,-24.5708863871077,0
                -56.3219188996649,-24.5720354003257,0
              </coordinates>
            </LinearRing>
          </outerBoundaryIs>
        </Polygon>
      </Placemark>
      <Placemark id="GUAYAIBI.12">
        <ExtendedData>
          <SchemaData schemaUrl="#GUAYAIBI.schema">
            <SimpleData name="Cédula">2487456.00000000000</SimpleData>
            <SimpleData name="cedula">2487456</SimpleData>
            <SimpleData name="Cédula_1">2487456.00000000000</SimpleData>
            <SimpleData name="N_">23.00000000000</SimpleData>
            <SimpleData name="Nombres_y_">CELSO ENCINA AGUILERA</SimpleData>
            <SimpleData name="Sexo">Hombre</SimpleData>
            <SimpleData name="Cambio_de_">NO</SimpleData>
            <SimpleData name="Titular_se">NO</SimpleData>
            <SimpleData name="Cédula_Ti">0.00000000000</SimpleData>
            <SimpleData name="Situación">NO</SimpleData>
            <SimpleData name="Comunidad">Campesina</SimpleData>
            <SimpleData name="Modelo_imp">Modelo 5</SimpleData>
            <SimpleData name="Departamen">SAN PEDRO</SimpleData>
            <SimpleData name="Distrito">GUAYAIBI</SimpleData>
            <SimpleData name="Localidad">ASENT. ECO URBANISTICO</SimpleData>
            <SimpleData name="Teléfono">0981080289</SimpleData>
            <SimpleData name="Vivienda_L">-24.25643830000</SimpleData>
            <SimpleData name="Vivienda_1">-56.17716650000</SimpleData>
            <SimpleData name="Superficie">0.70000000000</SimpleData>
            <SimpleData name="Situaci_1">Pol?gono</SimpleData>
            <SimpleData name="Plantado">SI</SimpleData>
            <SimpleData name="Parcela_La">-24.25610816000</SimpleData>
            <SimpleData name="Parcela_Lo">-56.17594113000</SimpleData>
            <SimpleData name="Grupo_Impl">G1</SimpleData>
            <SimpleData name="Grupo_de_P">Lote 1-P3-XX-XX-XX</SimpleData>
            <SimpleData name="Jornales">0.00000000000</SimpleData>
            <SimpleData name="Monto">0.00000000000</SimpleData>
            <SimpleData name="ETAPA_FAO">Mantenimiento A?o 1.2</SimpleData>
            <SimpleData name="Estado_del">Activo</SimpleData>
            <SimpleData name="Adjudicado">SI</SimpleData>
            <SimpleData name="Empresa">Hyh Consultores SRL</SimpleData>
            <SimpleData name="Lote">Lote 1</SimpleData>
            <SimpleData name="Monitorear">Si</SimpleData>
            <SimpleData name="Fecha_de_M">-</SimpleData>
            <SimpleData name="F__de_pren">-</SimpleData>
            <SimpleData name="Estado_FAO">Monitorear</SimpleData>
            <SimpleData name="Etapa_de_i">Mantenimiento A?o 1.2</SimpleData>
            <SimpleData name="Fecha_visi">2026/09/12</SimpleData>
            <SimpleData name="Cumple_sup">Si</SimpleData>
            <SimpleData name="Estado_mon">-</SimpleData>
            <SimpleData name="Situaci_12">-</SimpleData>
            <SimpleData name="Observaci">-</SimpleData>
            <SimpleData name="Dias_trans">15.04547453700</SimpleData>
            <SimpleData name="Prioridad">ALTA</SimpleData>
            <SimpleData name="OBJECTID_1">23</SimpleData>
          </SchemaData>
        </ExtendedData>
        <Polygon>
          <outerBoundaryIs>
            <LinearRing>
              <coordinates>
                -56.1754337003675,-24.2557769998434,0
                -56.1753833000487,-24.2563899994169,0
                -56.1764706007215,-24.2563949995461,0
                -56.1765378001279,-24.2558782004083,0
                -56.1754337003675,-24.2557769998434,0
              </coordinates>
            </LinearRing>
          </outerBoundaryIs>
        </Polygon>
      </Placemark>
      <Placemark id="GUAYAIBI.13">
        <ExtendedData>
          <SchemaData schemaUrl="#GUAYAIBI.schema">
            <SimpleData name="Cédula">4593295.00000000000</SimpleData>
            <SimpleData name="cedula">4593295</SimpleData>
            <SimpleData name="Cédula_1">4593295.00000000000</SimpleData>
            <SimpleData name="N_">37.00000000000</SimpleData>
            <SimpleData name="Nombres_y_">MAXIMO CHAVEZ MARTINEZ</SimpleData>
            <SimpleData name="Sexo">Hombre</SimpleData>
            <SimpleData name="Cambio_de_">NO</SimpleData>
            <SimpleData name="Titular_se">NO</SimpleData>
            <SimpleData name="Cédula_Ti">0.00000000000</SimpleData>
            <SimpleData name="Situación">NO</SimpleData>
            <SimpleData name="Comunidad">Campesina</SimpleData>
            <SimpleData name="Modelo_imp">Modelo 5</SimpleData>
            <SimpleData name="Departamen">SAN PEDRO</SimpleData>
            <SimpleData name="Distrito">GUAYAIBI</SimpleData>
            <SimpleData name="Localidad">15 DE ABRIL</SimpleData>
            <SimpleData name="Teléfono">982041691</SimpleData>
            <SimpleData name="Vivienda_L">-24.51996980000</SimpleData>
            <SimpleData name="Vivienda_1">-56.21361260000</SimpleData>
            <SimpleData name="Superficie">0.70000000000</SimpleData>
            <SimpleData name="Situaci_1">Pol?gono</SimpleData>
            <SimpleData name="Plantado">SI</SimpleData>
            <SimpleData name="Parcela_La">-24.51815034000</SimpleData>
            <SimpleData name="Parcela_Lo">-56.21080129000</SimpleData>
            <SimpleData name="Grupo_Impl">G1</SimpleData>
            <SimpleData name="Grupo_de_P">Lote 1-P1-XX-XX-XX</SimpleData>
            <SimpleData name="Jornales">0.00000000000</SimpleData>
            <SimpleData name="Monto">0.00000000000</SimpleData>
            <SimpleData name="ETAPA_FAO">Mantenimiento A?o 1.2</SimpleData>
            <SimpleData name="Estado_del">Activo</SimpleData>
            <SimpleData name="Adjudicado">SI</SimpleData>
            <SimpleData name="Empresa">Hyh Consultores SRL</SimpleData>
            <SimpleData name="Lote">Lote 1</SimpleData>
            <SimpleData name="Monitorear">No</SimpleData>
            <SimpleData name="Fecha_de_M">-</SimpleData>
            <SimpleData name="F__de_pren">-</SimpleData>
            <SimpleData name="Estado_FAO">Monitorear</SimpleData>
            <SimpleData name="Etapa_de_i">Mantenimiento A?o 1.2</SimpleData>
            <SimpleData name="Fecha_visi">2026/09/09</SimpleData>
            <SimpleData name="Cumple_sup">Si</SimpleData>
            <SimpleData name="Estado_mon">-</SimpleData>
            <SimpleData name="Situaci_12">-</SimpleData>
            <SimpleData name="Observaci">-</SimpleData>
            <SimpleData name="Dias_trans">18.57457175930</SimpleData>
            <SimpleData name="Prioridad">ALTA</SimpleData>
            <SimpleData name="OBJECTID_1">37</SimpleData>
          </SchemaData>
        </ExtendedData>
        <Polygon>
          <outerBoundaryIs>
            <LinearRing>
              <coordinates>
                -56.2101952005926,-24.5179721007612,0
                -56.2109128994159,-24.5187236997676,0
                -56.2114141005208,-24.5182790009569,0
                -56.2106578000307,-24.5175946006255,0
                -56.2101952005926,-24.5179721007612,0
              </coordinates>
            </LinearRing>
          </outerBoundaryIs>
        </Polygon>
      </Placemark>
      <Placemark id="GUAYAIBI.14">
        <ExtendedData>
          <SchemaData schemaUrl="#GUAYAIBI.schema">
            <SimpleData name="Cédula">5798957.00000000000</SimpleData>
            <SimpleData name="cedula">5798957</SimpleData>
            <SimpleData name="Cédula_1">5798957.00000000000</SimpleData>
            <SimpleData name="N_">32.00000000000</SimpleData>
            <SimpleData name="Nombres_y_">TOMASA VENIALGO ALFONZO</SimpleData>
            <SimpleData name="Sexo">Mujer</SimpleData>
            <SimpleData name="Cambio_de_">NO</SimpleData>
            <SimpleData name="Titular_se">NO</SimpleData>
            <SimpleData name="Cédula_Ti">0.00000000000</SimpleData>
            <SimpleData name="Situación">NO</SimpleData>
            <SimpleData name="Comunidad">Campesina</SimpleData>
            <SimpleData name="Modelo_imp">Modelo 4</SimpleData>
            <SimpleData name="Departamen">SAN PEDRO</SimpleData>
            <SimpleData name="Distrito">GUAYAIBI</SimpleData>
            <SimpleData name="Localidad">NARANJA JAI</SimpleData>
            <SimpleData name="Teléfono">0982524481</SimpleData>
            <SimpleData name="Vivienda_L">-24.52022510000</SimpleData>
            <SimpleData name="Vivienda_1">-56.35029440000</SimpleData>
            <SimpleData name="Superficie">0.70000000000</SimpleData>
            <SimpleData name="Situaci_1">Pol?gono</SimpleData>
            <SimpleData name="Plantado">SI</SimpleData>
            <SimpleData name="Parcela_La">-24.51412317000</SimpleData>
            <SimpleData name="Parcela_Lo">-56.35674126000</SimpleData>
            <SimpleData name="Grupo_Impl">G1</SimpleData>
            <SimpleData name="Grupo_de_P">Lote 1-P2-XX-XX-XX</SimpleData>
            <SimpleData name="Jornales">0.00000000000</SimpleData>
            <SimpleData name="Monto">0.00000000000</SimpleData>
            <SimpleData name="ETAPA_FAO">Mantenimiento A?o 1.2</SimpleData>
            <SimpleData name="Estado_del">Activo</SimpleData>
            <SimpleData name="Adjudicado">SI</SimpleData>
            <SimpleData name="Empresa">Hyh Consultores SRL</SimpleData>
            <SimpleData name="Lote">Lote 1</SimpleData>
            <SimpleData name="Monitorear">Si</SimpleData>
            <SimpleData name="Fecha_de_M">-</SimpleData>
            <SimpleData name="F__de_pren">-</SimpleData>
            <SimpleData name="Estado_FAO">Monitorear</SimpleData>
            <SimpleData name="Etapa_de_i">Mantenimiento A?o 1.2</SimpleData>
            <SimpleData name="Fecha_visi">2026/09/08</SimpleData>
            <SimpleData name="Cumple_sup">Si</SimpleData>
            <SimpleData name="Estado_mon">-</SimpleData>
            <SimpleData name="Situaci_12">-</SimpleData>
            <SimpleData name="Observaci">-</SimpleData>
            <SimpleData name="Dias_trans">19.19427083330</SimpleData>
            <SimpleData name="Prioridad">ALTA</SimpleData>
            <SimpleData name="OBJECTID_1">32</SimpleData>
          </SchemaData>
        </ExtendedData>
        <Polygon>
          <outerBoundaryIs>
            <LinearRing>
              <coordinates>
                -56.3563919001075,-24.5138071012339,0
                -56.356549501036,-24.5147658001696,0
                -56.3571483006606,-24.5145583001694,0
                -56.3568037994981,-24.5133213005175,0
                -56.3563919001075,-24.5138071012339,0
              </coordinates>
            </LinearRing>
          </outerBoundaryIs>
        </Polygon>
      </Placemark>
      <Placemark id="GUAYAIBI.15">
        <ExtendedData>
          <SchemaData schemaUrl="#GUAYAIBI.schema">
            <SimpleData name="Cédula">5836644.00000000000</SimpleData>
            <SimpleData name="cedula">5836644</SimpleData>
            <SimpleData name="Cédula_1">5836644.00000000000</SimpleData>
            <SimpleData name="N_">5.00000000000</SimpleData>
            <SimpleData name="Nombres_y_">MERCEDES CAJE ESCURRA</SimpleData>
            <SimpleData name="Sexo">Mujer</SimpleData>
            <SimpleData name="Cambio_de_">NO</SimpleData>
            <SimpleData name="Titular_se">NO</SimpleData>
            <SimpleData name="Cédula_Ti">0.00000000000</SimpleData>
            <SimpleData name="Situación">NO</SimpleData>
            <SimpleData name="Comunidad">Campesina</SimpleData>
            <SimpleData name="Modelo_imp">Modelo 5</SimpleData>
            <SimpleData name="Departamen">SAN PEDRO</SimpleData>
            <SimpleData name="Distrito">GUAYAIBI</SimpleData>
            <SimpleData name="Localidad">URBANO</SimpleData>
            <SimpleData name="Teléfono">0993438392</SimpleData>
            <SimpleData name="Vivienda_L">-24.53005570000</SimpleData>
            <SimpleData name="Vivienda_1">-56.39778520000</SimpleData>
            <SimpleData name="Superficie">0.70000000000</SimpleData>
            <SimpleData name="Situaci_1">Pol?gono</SimpleData>
            <SimpleData name="Plantado">SI</SimpleData>
            <SimpleData name="Parcela_La">-24.52337316000</SimpleData>
            <SimpleData name="Parcela_Lo">-56.39859935000</SimpleData>
            <SimpleData name="Grupo_Impl">G1</SimpleData>
            <SimpleData name="Grupo_de_P">Lote 1-P1-XX-XX-XX</SimpleData>
            <SimpleData name="Jornales">0.00000000000</SimpleData>
            <SimpleData name="Monto">0.00000000000</SimpleData>
            <SimpleData name="ETAPA_FAO">Mantenimiento A?o 1.2</SimpleData>
            <SimpleData name="Estado_del">Activo</SimpleData>
            <SimpleData name="Adjudicado">SI</SimpleData>
            <SimpleData name="Empresa">Hyh Consultores SRL</SimpleData>
            <SimpleData name="Lote">Lote 1</SimpleData>
            <SimpleData name="Monitorear">No</SimpleData>
            <SimpleData name="Fecha_de_M">-</SimpleData>
            <SimpleData name="F__de_pren">-</SimpleData>
            <SimpleData name="Estado_FAO">Monitorear</SimpleData>
            <SimpleData name="Etapa_de_i">Mantenimiento A?o 1.2</SimpleData>
            <SimpleData name="Fecha_visi">2026/09/09</SimpleData>
            <SimpleData name="Cumple_sup">Si</SimpleData>
            <SimpleData name="Estado_mon">-</SimpleData>
            <SimpleData name="Situaci_12">-</SimpleData>
            <SimpleData name="Observaci">-</SimpleData>
            <SimpleData name="Dias_trans">18.50841435180</SimpleData>
            <SimpleData name="Prioridad">ALTA</SimpleData>
            <SimpleData name="OBJECTID_1">5</SimpleData>
          </SchemaData>
        </ExtendedData>
        <Polygon>
          <outerBoundaryIs>
            <LinearRing>
              <coordinates>
                -56.3981016002457,-24.5237073009522,0
                -56.3989749997054,-24.523848301044,0
                -56.39908330044,-24.5229515998523,0
                -56.398171400458,-24.5229872994757,0
                -56.3981016002457,-24.5237073009522,0
              </coordinates>
            </LinearRing>
          </outerBoundaryIs>
        </Polygon>
      </Placemark>
      <Placemark id="GUAYAIBI.16">
        <ExtendedData>
          <SchemaData schemaUrl="#GUAYAIBI.schema">
            <SimpleData name="Cédula">3401110.00000000000</SimpleData>
            <SimpleData name="cedula">3401110</SimpleData>
            <SimpleData name="Cédula_1">3401110.00000000000</SimpleData>
            <SimpleData name="N_">17.00000000000</SimpleData>
            <SimpleData name="Nombres_y_">ROSALINA PERALTA JARA</SimpleData>
            <SimpleData name="Sexo">Mujer</SimpleData>
            <SimpleData name="Cambio_de_">NO</SimpleData>
            <SimpleData name="Titular_se">NO</SimpleData>
            <SimpleData name="Cédula_Ti">0.00000000000</SimpleData>
            <SimpleData name="Situación">NO</SimpleData>
            <SimpleData name="Comunidad">Campesina</SimpleData>
            <SimpleData name="Modelo_imp">Modelo 5</SimpleData>
            <SimpleData name="Departamen">SAN PEDRO</SimpleData>
            <SimpleData name="Distrito">GUAYAIBI</SimpleData>
            <SimpleData name="Localidad">NARANJA JAI</SimpleData>
            <SimpleData name="Teléfono">0983256420</SimpleData>
            <SimpleData name="Vivienda_L">-24.48719730000</SimpleData>
            <SimpleData name="Vivienda_1">-56.30589060000</SimpleData>
            <SimpleData name="Superficie">0.70000000000</SimpleData>
            <SimpleData name="Situaci_1">Pol?gono</SimpleData>
            <SimpleData name="Plantado">SI</SimpleData>
            <SimpleData name="Parcela_La">-24.48772628000</SimpleData>
            <SimpleData name="Parcela_Lo">-56.30454930000</SimpleData>
            <SimpleData name="Grupo_Impl">G1</SimpleData>
            <SimpleData name="Grupo_de_P">Lote 1-P2-XX-XX-XX</SimpleData>
            <SimpleData name="Jornales">0.00000000000</SimpleData>
            <SimpleData name="Monto">0.00000000000</SimpleData>
            <SimpleData name="ETAPA_FAO">Mantenimiento A?o 1.2</SimpleData>
            <SimpleData name="Estado_del">Activo</SimpleData>
            <SimpleData name="Adjudicado">SI</SimpleData>
            <SimpleData name="Empresa">Hyh Consultores SRL</SimpleData>
            <SimpleData name="Lote">Lote 1</SimpleData>
            <SimpleData name="Monitorear">Si</SimpleData>
            <SimpleData name="Fecha_de_M">-</SimpleData>
            <SimpleData name="F__de_pren">-</SimpleData>
            <SimpleData name="Estado_FAO">Monitorear</SimpleData>
            <SimpleData name="Etapa_de_i">Mantenimiento A?o 1.2</SimpleData>
            <SimpleData name="Fecha_visi">2026/09/09</SimpleData>
            <SimpleData name="Cumple_sup">Si</SimpleData>
            <SimpleData name="Estado_mon">-</SimpleData>
            <SimpleData name="Situaci_12">-</SimpleData>
            <SimpleData name="Observaci">-</SimpleData>
            <SimpleData name="Dias_trans">18.41614583330</SimpleData>
            <SimpleData name="Prioridad">ALTA</SimpleData>
            <SimpleData name="OBJECTID_1">17</SimpleData>
          </SchemaData>
        </ExtendedData>
        <Polygon>
          <outerBoundaryIs>
            <LinearRing>
              <coordinates>
                -56.3037421017547,-24.4878648014615,0
                -56.3039373995415,-24.488255200351,0
                -56.3053722986805,-24.4875759011404,0
                -56.3051493006617,-24.4872040008719,0
                -56.3037421017547,-24.4878648014615,0
              </coordinates>
            </LinearRing>
          </outerBoundaryIs>
        </Polygon>
      </Placemark>
      <Placemark id="GUAYAIBI.17">
        <ExtendedData>
          <SchemaData schemaUrl="#GUAYAIBI.schema">
            <SimpleData name="Cédula">6665573.00000000000</SimpleData>
            <SimpleData name="cedula">6665573</SimpleData>
            <SimpleData name="Cédula_1">6665573.00000000000</SimpleData>
            <SimpleData name="N_">12.00000000000</SimpleData>
            <SimpleData name="Nombres_y_">MERCEDES CHAVEZ LOPEZ</SimpleData>
            <SimpleData name="Sexo">Mujer</SimpleData>
            <SimpleData name="Cambio_de_">NO</SimpleData>
            <SimpleData name="Titular_se">NO</SimpleData>
            <SimpleData name="Cédula_Ti">0.00000000000</SimpleData>
            <SimpleData name="Situación">NO</SimpleData>
            <SimpleData name="Comunidad">Campesina</SimpleData>
            <SimpleData name="Modelo_imp">Modelo 1</SimpleData>
            <SimpleData name="Departamen">SAN PEDRO</SimpleData>
            <SimpleData name="Distrito">GUAYAIBI</SimpleData>
            <SimpleData name="Localidad">SAN FRANCISCO</SimpleData>
            <SimpleData name="Teléfono">0982544710</SimpleData>
            <SimpleData name="Vivienda_L">-24.22538160000</SimpleData>
            <SimpleData name="Vivienda_1">-56.17661480000</SimpleData>
            <SimpleData name="Superficie">0.80000000000</SimpleData>
            <SimpleData name="Situaci_1">Pol?gono</SimpleData>
            <SimpleData name="Plantado">SI</SimpleData>
            <SimpleData name="Parcela_La">-24.22506622000</SimpleData>
            <SimpleData name="Parcela_Lo">-56.18760607000</SimpleData>
            <SimpleData name="Grupo_Impl">G1</SimpleData>
            <SimpleData name="Grupo_de_P">Lote 1-P3-XX-XX-XX</SimpleData>
            <SimpleData name="Jornales">0.00000000000</SimpleData>
            <SimpleData name="Monto">0.00000000000</SimpleData>
            <SimpleData name="ETAPA_FAO">Mantenimiento A?o 1.2</SimpleData>
            <SimpleData name="Estado_del">Activo</SimpleData>
            <SimpleData name="Adjudicado">SI</SimpleData>
            <SimpleData name="Empresa">Hyh Consultores SRL</SimpleData>
            <SimpleData name="Lote">Lote 1</SimpleData>
            <SimpleData name="Monitorear">Si</SimpleData>
            <SimpleData name="Fecha_de_M">-</SimpleData>
            <SimpleData name="F__de_pren">-</SimpleData>
            <SimpleData name="Estado_FAO">Verificar posible desercion</SimpleData>
            <SimpleData name="Etapa_de_i">Mantenimiento A?o 1.2</SimpleData>
            <SimpleData name="Fecha_visi">2026/09/15</SimpleData>
            <SimpleData name="Cumple_sup">Si</SimpleData>
            <SimpleData name="Estado_mon">-</SimpleData>
            <SimpleData name="Situaci_12">-</SimpleData>
            <SimpleData name="Observaci">Conflicto de tierra familiar;La parcela cela se encuentra muy poco cuidada, en el comienzo un t?o les presto parte de su tierra y ya que no cuidan el uso otra vez su parte.</SimpleData>
            <SimpleData name="Dias_trans">12.49432435190</SimpleData>
            <SimpleData name="Prioridad">ALTA</SimpleData>
            <SimpleData name="OBJECTID_1">12</SimpleData>
          </SchemaData>
        </ExtendedData>
        <Polygon>
          <outerBoundaryIs>
            <LinearRing>
              <coordinates>
                -56.1867935997614,-24.2252818996925,0
                -56.1884479992124,-24.22530349922,0
                -56.1884273001313,-24.2248580000398,0
                -56.186773300185,-24.2248216993984,0
                -56.1867935997614,-24.2252818996925,0
              </coordinates>
            </LinearRing>
          </outerBoundaryIs>
        </Polygon>
      </Placemark>
      <Placemark id="GUAYAIBI.18">
        <ExtendedData>
          <SchemaData schemaUrl="#GUAYAIBI.schema">
            <SimpleData name="Cédula">5345667.00000000000</SimpleData>
            <SimpleData name="cedula">5345667</SimpleData>
            <SimpleData name="Cédula_1">5345667.00000000000</SimpleData>
            <SimpleData name="N_">15.00000000000</SimpleData>
            <SimpleData name="Nombres_y_">SALVADOR ESTIGARRIBIA VILLALBA</SimpleData>
            <SimpleData name="Sexo">Hombre</SimpleData>
            <SimpleData name="Cambio_de_">NO</SimpleData>
            <SimpleData name="Titular_se">NO</SimpleData>
            <SimpleData name="Cédula_Ti">0.00000000000</SimpleData>
            <SimpleData name="Situación">NO</SimpleData>
            <SimpleData name="Comunidad">Campesina</SimpleData>
            <SimpleData name="Modelo_imp">Modelo 4</SimpleData>
            <SimpleData name="Departamen">SAN PEDRO</SimpleData>
            <SimpleData name="Distrito">GUAYAIBI</SimpleData>
            <SimpleData name="Localidad">1 DE MAYO (COLONIA LUZ BELLA)</SimpleData>
            <SimpleData name="Teléfono">0982161416</SimpleData>
            <SimpleData name="Vivienda_L">-24.16714450000</SimpleData>
            <SimpleData name="Vivienda_1">-56.16453130000</SimpleData>
            <SimpleData name="Superficie">0.70000000000</SimpleData>
            <SimpleData name="Situaci_1">Pol?gono</SimpleData>
            <SimpleData name="Plantado">SI</SimpleData>
            <SimpleData name="Parcela_La">-24.16706065000</SimpleData>
            <SimpleData name="Parcela_Lo">-56.16565102000</SimpleData>
            <SimpleData name="Grupo_Impl">G1</SimpleData>
            <SimpleData name="Grupo_de_P">Lote 1-P2-XX-XX-XX</SimpleData>
            <SimpleData name="Jornales">0.00000000000</SimpleData>
            <SimpleData name="Monto">0.00000000000</SimpleData>
            <SimpleData name="ETAPA_FAO">Mantenimiento A?o 1.2</SimpleData>
            <SimpleData name="Estado_del">Activo</SimpleData>
            <SimpleData name="Adjudicado">SI</SimpleData>
            <SimpleData name="Empresa">Hyh Consultores SRL</SimpleData>
            <SimpleData name="Lote">Lote 1</SimpleData>
            <SimpleData name="Monitorear">Si</SimpleData>
            <SimpleData name="Fecha_de_M">-</SimpleData>
            <SimpleData name="F__de_pren">-</SimpleData>
            <SimpleData name="Estado_FAO">Monitorear</SimpleData>
            <SimpleData name="Etapa_de_i">Mantenimiento A?o 1.2</SimpleData>
            <SimpleData name="Fecha_visi">2026/09/22</SimpleData>
            <SimpleData name="Cumple_sup">Si</SimpleData>
            <SimpleData name="Estado_mon">-</SimpleData>
            <SimpleData name="Situaci_12">-</SimpleData>
            <SimpleData name="Observaci">-</SimpleData>
            <SimpleData name="Dias_trans">5.99199074074</SimpleData>
            <SimpleData name="Prioridad">ALTA</SimpleData>
            <SimpleData name="OBJECTID_1">15</SimpleData>
          </SchemaData>
        </ExtendedData>
        <Polygon>
          <outerBoundaryIs>
            <LinearRing>
              <coordinates>
                -56.165371200029,-24.167683800751,0
                -56.1658380014212,-24.1676908999272,0
                -56.1659703008005,-24.1664697006922,0
                -56.165419099874,-24.1664653987925,0
                -56.165371200029,-24.167683800751,0
              </coordinates>
            </LinearRing>
          </outerBoundaryIs>
        </Polygon>
      </Placemark>
      <Placemark id="GUAYAIBI.19">
        <ExtendedData>
          <SchemaData schemaUrl="#GUAYAIBI.schema">
            <SimpleData name="Cédula">4256777.00000000000</SimpleData>
            <SimpleData name="cedula">4256777</SimpleData>
            <SimpleData name="Cédula_1">4256777.00000000000</SimpleData>
            <SimpleData name="N_">30.00000000000</SimpleData>
            <SimpleData name="Nombres_y_">OLGA BEATRIZ ACOSTA LOPEZ</SimpleData>
            <SimpleData name="Sexo">Mujer</SimpleData>
            <SimpleData name="Cambio_de_">NO</SimpleData>
            <SimpleData name="Titular_se">NO</SimpleData>
            <SimpleData name="Cédula_Ti">0.00000000000</SimpleData>
            <SimpleData name="Situación">NO</SimpleData>
            <SimpleData name="Comunidad">Campesina</SimpleData>
            <SimpleData name="Modelo_imp">Modelo 1</SimpleData>
            <SimpleData name="Departamen">SAN PEDRO</SimpleData>
            <SimpleData name="Distrito">GUAYAIBI</SimpleData>
            <SimpleData name="Localidad">CALLE 4000</SimpleData>
            <SimpleData name="Teléfono">0985287701</SimpleData>
            <SimpleData name="Vivienda_L">-24.56660090000</SimpleData>
            <SimpleData name="Vivienda_1">-56.34315450000</SimpleData>
            <SimpleData name="Superficie">0.80000000000</SimpleData>
            <SimpleData name="Situaci_1">Pol?gono</SimpleData>
            <SimpleData name="Plantado">SI</SimpleData>
            <SimpleData name="Parcela_La">-24.57816602000</SimpleData>
            <SimpleData name="Parcela_Lo">-56.33478312000</SimpleData>
            <SimpleData name="Grupo_Impl">G1</SimpleData>
            <SimpleData name="Grupo_de_P">Lote 1-P1-XX-XX-XX</SimpleData>
            <SimpleData name="Jornales">0.00000000000</SimpleData>
            <SimpleData name="Monto">0.00000000000</SimpleData>
            <SimpleData name="ETAPA_FAO">Mantenimiento A?o 1.2</SimpleData>
            <SimpleData name="Estado_del">Activo</SimpleData>
            <SimpleData name="Adjudicado">SI</SimpleData>
            <SimpleData name="Empresa">Hyh Consultores SRL</SimpleData>
            <SimpleData name="Lote">Lote 1</SimpleData>
            <SimpleData name="Monitorear">No</SimpleData>
            <SimpleData name="Fecha_de_M">-</SimpleData>
            <SimpleData name="F__de_pren">-</SimpleData>
            <SimpleData name="Estado_FAO">Monitorear</SimpleData>
            <SimpleData name="Etapa_de_i">Mantenimiento A?o 1.2</SimpleData>
            <SimpleData name="Fecha_visi">2026/09/22</SimpleData>
            <SimpleData name="Cumple_sup">Si</SimpleData>
            <SimpleData name="Estado_mon">-</SimpleData>
            <SimpleData name="Situaci_12">-</SimpleData>
            <SimpleData name="Observaci">-</SimpleData>
            <SimpleData name="Dias_trans">5.18185185185</SimpleData>
            <SimpleData name="Prioridad">ALTA</SimpleData>
            <SimpleData name="OBJECTID_1">30</SimpleData>
          </SchemaData>
        </ExtendedData>
        <Polygon>
          <outerBoundaryIs>
            <LinearRing>
              <coordinates>
                -56.3345528997857,-24.5773400004058,0
                -56.3345441996718,-24.5790018012157,0
                -56.3349996003815,-24.5789946006295,0
                -56.3350381004936,-24.5773630006292,0
                -56.3345528997857,-24.5773400004058,0
              </coordinates>
            </LinearRing>
          </outerBoundaryIs>
        </Polygon>
      </Placemark>
      <Placemark id="GUAYAIBI.20">
        <ExtendedData>
          <SchemaData schemaUrl="#GUAYAIBI.schema">
            <SimpleData name="Cédula">4598352.00000000000</SimpleData>
            <SimpleData name="cedula">4598352</SimpleData>
            <SimpleData name="Cédula_1">4598352.00000000000</SimpleData>
            <SimpleData name="N_">7.00000000000</SimpleData>
            <SimpleData name="Nombres_y_">SUSANA MARTINEZ LOPEZ</SimpleData>
            <SimpleData name="Sexo">Mujer</SimpleData>
            <SimpleData name="Cambio_de_">NO</SimpleData>
            <SimpleData name="Titular_se">NO</SimpleData>
            <SimpleData name="Cédula_Ti">0.00000000000</SimpleData>
            <SimpleData name="Situación">NO</SimpleData>
            <SimpleData name="Comunidad">Campesina</SimpleData>
            <SimpleData name="Modelo_imp">Modelo 5</SimpleData>
            <SimpleData name="Departamen">SAN PEDRO</SimpleData>
            <SimpleData name="Distrito">GUAYAIBI</SimpleData>
            <SimpleData name="Localidad">ASENT. 7 DE ABRIL LUZ BELLA</SimpleData>
            <SimpleData name="Teléfono">0986790390</SimpleData>
            <SimpleData name="Vivienda_L">-24.23228550000</SimpleData>
            <SimpleData name="Vivienda_1">-56.17859440000</SimpleData>
            <SimpleData name="Superficie">0.70000000000</SimpleData>
            <SimpleData name="Situaci_1">Pol?gono</SimpleData>
            <SimpleData name="Plantado">SI</SimpleData>
            <SimpleData name="Parcela_La">-24.23197206000</SimpleData>
            <SimpleData name="Parcela_Lo">-56.18140634000</SimpleData>
            <SimpleData name="Grupo_Impl">G1</SimpleData>
            <SimpleData name="Grupo_de_P">Lote 1-P2-XX-XX-XX</SimpleData>
            <SimpleData name="Jornales">0.00000000000</SimpleData>
            <SimpleData name="Monto">0.00000000000</SimpleData>
            <SimpleData name="ETAPA_FAO">Mantenimiento A?o 1.2</SimpleData>
            <SimpleData name="Estado_del">Activo</SimpleData>
            <SimpleData name="Adjudicado">SI</SimpleData>
            <SimpleData name="Empresa">Hyh Consultores SRL</SimpleData>
            <SimpleData name="Lote">Lote 1</SimpleData>
            <SimpleData name="Monitorear">Si</SimpleData>
            <SimpleData name="Fecha_de_M">-</SimpleData>
            <SimpleData name="F__de_pren">-</SimpleData>
            <SimpleData name="Estado_FAO">Monitorear</SimpleData>
            <SimpleData name="Etapa_de_i">Mantenimiento A?o 1.2</SimpleData>
            <SimpleData name="Fecha_visi">2026/09/12</SimpleData>
            <SimpleData name="Cumple_sup">Si</SimpleData>
            <SimpleData name="Estado_mon">-</SimpleData>
            <SimpleData name="Situaci_12">-</SimpleData>
            <SimpleData name="Observaci">-</SimpleData>
            <SimpleData name="Dias_trans">15.04534722220</SimpleData>
            <SimpleData name="Prioridad">ALTA</SimpleData>
            <SimpleData name="OBJECTID_1">7</SimpleData>
          </SchemaData>
        </ExtendedData>
        <Polygon>
          <outerBoundaryIs>
            <LinearRing>
              <coordinates>
                -56.1805755003874,-24.231814500247,0
                -56.180587899668,-24.2322034986964,0
                -56.1822278991387,-24.2321325996168,0
                -56.1822282998097,-24.2317388995696,0
                -56.1805755003874,-24.231814500247,0
              </coordinates>
            </LinearRing>
          </outerBoundaryIs>
        </Polygon>
      </Placemark>
      <Placemark id="GUAYAIBI.21">
        <ExtendedData>
          <SchemaData schemaUrl="#GUAYAIBI.schema">
            <SimpleData name="Cédula">6784694.00000000000</SimpleData>
            <SimpleData name="cedula">6784694</SimpleData>
            <SimpleData name="Cédula_1">6784694.00000000000</SimpleData>
            <SimpleData name="N_">14.00000000000</SimpleData>
            <SimpleData name="Nombres_y_">JUANA BENITEZ CHAVEZ</SimpleData>
            <SimpleData name="Sexo">Mujer</SimpleData>
            <SimpleData name="Cambio_de_">NO</SimpleData>
            <SimpleData name="Titular_se">NO</SimpleData>
            <SimpleData name="Cédula_Ti">0.00000000000</SimpleData>
            <SimpleData name="Situación">NO</SimpleData>
            <SimpleData name="Comunidad">Campesina</SimpleData>
            <SimpleData name="Modelo_imp">Modelo 4</SimpleData>
            <SimpleData name="Departamen">SAN PEDRO</SimpleData>
            <SimpleData name="Distrito">GUAYAIBI</SimpleData>
            <SimpleData name="Localidad">ASENT. ECO URBANISTICO</SimpleData>
            <SimpleData name="Teléfono">0984978299</SimpleData>
            <SimpleData name="Vivienda_L">-24.25543110000</SimpleData>
            <SimpleData name="Vivienda_1">-56.18307230000</SimpleData>
            <SimpleData name="Superficie">0.70000000000</SimpleData>
            <SimpleData name="Situaci_1">Pol?gono</SimpleData>
            <SimpleData name="Plantado">SI</SimpleData>
            <SimpleData name="Parcela_La">-24.21700743000</SimpleData>
            <SimpleData name="Parcela_Lo">-56.18193647000</SimpleData>
            <SimpleData name="Grupo_Impl">G1</SimpleData>
            <SimpleData name="Grupo_de_P">Lote 1-P3-XX-XX-XX</SimpleData>
            <SimpleData name="Jornales">0.00000000000</SimpleData>
            <SimpleData name="Monto">0.00000000000</SimpleData>
            <SimpleData name="ETAPA_FAO">Mantenimiento A?o 1.2</SimpleData>
            <SimpleData name="Estado_del">Activo</SimpleData>
            <SimpleData name="Adjudicado">SI</SimpleData>
            <SimpleData name="Empresa">Hyh Consultores SRL</SimpleData>
            <SimpleData name="Lote">Lote 1</SimpleData>
            <SimpleData name="Monitorear">No</SimpleData>
            <SimpleData name="Fecha_de_M">-</SimpleData>
            <SimpleData name="F__de_pren">-</SimpleData>
            <SimpleData name="Estado_FAO">Monitorear</SimpleData>
            <SimpleData name="Etapa_de_i">Mantenimiento A?o 1.2</SimpleData>
            <SimpleData name="Fecha_visi">2026/09/22</SimpleData>
            <SimpleData name="Cumple_sup">Si</SimpleData>
            <SimpleData name="Estado_mon">-</SimpleData>
            <SimpleData name="Situaci_12">-</SimpleData>
            <SimpleData name="Observaci">-</SimpleData>
            <SimpleData name="Dias_trans">5.99217592592</SimpleData>
            <SimpleData name="Prioridad">ALTA</SimpleData>
            <SimpleData name="OBJECTID_1">14</SimpleData>
          </SchemaData>
        </ExtendedData>
        <Polygon>
          <outerBoundaryIs>
            <LinearRing>
              <coordinates>
                -56.1811418005837,-24.2172216996009,0
                -56.1826287002862,-24.2172492998379,0
                -56.1827871005178,-24.2167880998538,0
                -56.1811574002243,-24.2167835999669,0
                -56.1811418005837,-24.2172216996009,0
              </coordinates>
            </LinearRing>
          </outerBoundaryIs>
        </Polygon>
      </Placemark>
      <Placemark id="GUAYAIBI.22">
        <ExtendedData>
          <SchemaData schemaUrl="#GUAYAIBI.schema">
            <SimpleData name="Cédula">6949534.00000000000</SimpleData>
            <SimpleData name="cedula">6949534</SimpleData>
            <SimpleData name="Cédula_1">6949534.00000000000</SimpleData>
            <SimpleData name="N_">35.00000000000</SimpleData>
            <SimpleData name="Nombres_y_">NANCY BENITEZ MACIEL</SimpleData>
            <SimpleData name="Sexo">Mujer</SimpleData>
            <SimpleData name="Cambio_de_">NO</SimpleData>
            <SimpleData name="Titular_se">NO</SimpleData>
            <SimpleData name="Cédula_Ti">0.00000000000</SimpleData>
            <SimpleData name="Situación">NO</SimpleData>
            <SimpleData name="Comunidad">Campesina</SimpleData>
            <SimpleData name="Modelo_imp">Modelo 1</SimpleData>
            <SimpleData name="Departamen">SAN PEDRO</SimpleData>
            <SimpleData name="Distrito">GUAYAIBI</SimpleData>
            <SimpleData name="Localidad">PRIMAVERA</SimpleData>
            <SimpleData name="Teléfono">0986469293</SimpleData>
            <SimpleData name="Vivienda_L">-24.45790650000</SimpleData>
            <SimpleData name="Vivienda_1">-56.18703270000</SimpleData>
            <SimpleData name="Superficie">0.80000000000</SimpleData>
            <SimpleData name="Situaci_1">Pol?gono</SimpleData>
            <SimpleData name="Plantado">SI</SimpleData>
            <SimpleData name="Parcela_La">-24.45838525000</SimpleData>
            <SimpleData name="Parcela_Lo">-56.18991101000</SimpleData>
            <SimpleData name="Grupo_Impl">G1</SimpleData>
            <SimpleData name="Grupo_de_P">Lote 1-P1-XX-XX-XX</SimpleData>
            <SimpleData name="Jornales">0.00000000000</SimpleData>
            <SimpleData name="Monto">0.00000000000</SimpleData>
            <SimpleData name="ETAPA_FAO">Mantenimiento A?o 1.2</SimpleData>
            <SimpleData name="Estado_del">Activo</SimpleData>
            <SimpleData name="Adjudicado">SI</SimpleData>
            <SimpleData name="Empresa">Hyh Consultores SRL</SimpleData>
            <SimpleData name="Lote">Lote 1</SimpleData>
            <SimpleData name="Monitorear">No</SimpleData>
            <SimpleData name="Fecha_de_M">-</SimpleData>
            <SimpleData name="F__de_pren">-</SimpleData>
            <SimpleData name="Estado_FAO">Monitorear</SimpleData>
            <SimpleData name="Etapa_de_i">Mantenimiento A?o 1.2</SimpleData>
            <SimpleData name="Fecha_visi">2026/09/02</SimpleData>
            <SimpleData name="Cumple_sup">Si</SimpleData>
            <SimpleData name="Estado_mon">-</SimpleData>
            <SimpleData name="Situaci_12">-</SimpleData>
            <SimpleData name="Observaci">-</SimpleData>
            <SimpleData name="Dias_trans">25.54209490740</SimpleData>
            <SimpleData name="Prioridad">ALTA</SimpleData>
            <SimpleData name="OBJECTID_1">35</SimpleData>
          </SchemaData>
        </ExtendedData>
        <Polygon>
          <outerBoundaryIs>
            <LinearRing>
              <coordinates>
                -56.1893216996041,-24.4580833011163,0
                -56.1893931992809,-24.4587333996385,0
                -56.1904933996646,-24.4587033005557,0
                -56.1904183997426,-24.4580217011073,0
                -56.1893216996041,-24.4580833011163,0
              </coordinates>
            </LinearRing>
          </outerBoundaryIs>
        </Polygon>
      </Placemark>
      <Placemark id="GUAYAIBI.23">
        <ExtendedData>
          <SchemaData schemaUrl="#GUAYAIBI.schema">
            <SimpleData name="Cédula">3282782.00000000000</SimpleData>
            <SimpleData name="cedula">3282782</SimpleData>
            <SimpleData name="Cédula_1">3282782.00000000000</SimpleData>
            <SimpleData name="N_">250.00000000000</SimpleData>
            <SimpleData name="Nombres_y_">CARMEN  CACERES TOLEDO</SimpleData>
            <SimpleData name="Sexo">Mujer</SimpleData>
            <SimpleData name="Cambio_de_">NO</SimpleData>
            <SimpleData name="Titular_se">NO</SimpleData>
            <SimpleData name="Cédula_Ti">0.00000000000</SimpleData>
            <SimpleData name="Situación">NO</SimpleData>
            <SimpleData name="Comunidad">Campesina</SimpleData>
            <SimpleData name="Modelo_imp">Modelo 5</SimpleData>
            <SimpleData name="Departamen">SAN PEDRO</SimpleData>
            <SimpleData name="Distrito">GUAYAIBI</SimpleData>
            <SimpleData name="Localidad">ALMEIDA</SimpleData>
            <SimpleData name="Teléfono">984082771</SimpleData>
            <SimpleData name="Vivienda_L">-24.51733110000</SimpleData>
            <SimpleData name="Vivienda_1">-56.38565470000</SimpleData>
            <SimpleData name="Superficie">0.70000000000</SimpleData>
            <SimpleData name="Situaci_1">Pol?gono</SimpleData>
            <SimpleData name="Plantado">SI</SimpleData>
            <SimpleData name="Parcela_La">-24.51203281000</SimpleData>
            <SimpleData name="Parcela_Lo">-56.38291374000</SimpleData>
            <SimpleData name="Grupo_Impl">G1</SimpleData>
            <SimpleData name="Grupo_de_P">Lote 1-P3-XX-XX-XX</SimpleData>
            <SimpleData name="Jornales">0.00000000000</SimpleData>
            <SimpleData name="Monto">0.00000000000</SimpleData>
            <SimpleData name="ETAPA_FAO">Mantenimiento A?o 1.2</SimpleData>
            <SimpleData name="Estado_del">Activo</SimpleData>
            <SimpleData name="Adjudicado">Si</SimpleData>
            <SimpleData name="Empresa">Hyh Consultores SRL</SimpleData>
            <SimpleData name="Lote">Lote 1</SimpleData>
            <SimpleData name="Monitorear">Si</SimpleData>
            <SimpleData name="Fecha_de_M">-</SimpleData>
            <SimpleData name="F__de_pren">-</SimpleData>
            <SimpleData name="Estado_FAO">Monitorear</SimpleData>
            <SimpleData name="Etapa_de_i">Mantenimiento A?o 1.2</SimpleData>
            <SimpleData name="Fecha_visi">2026/09/23</SimpleData>
            <SimpleData name="Cumple_sup">Si</SimpleData>
            <SimpleData name="Estado_mon">-</SimpleData>
            <SimpleData name="Situaci_12">-</SimpleData>
            <SimpleData name="Observaci">-</SimpleData>
            <SimpleData name="Dias_trans">4.25385416667</SimpleData>
            <SimpleData name="Prioridad">ALTA</SimpleData>
            <SimpleData name="OBJECTID_1">250</SimpleData>
          </SchemaData>
        </ExtendedData>
        <Polygon>
          <outerBoundaryIs>
            <LinearRing>
              <coordinates>
                -56.3825056999949,-24.5116673998819,0
                -56.3825216995058,-24.5124000004566,0
                -56.3833268003385,-24.5123641999681,0
                -56.3833423993646,-24.5116735002378,0
                -56.3832020997077,-24.5117222001196,0
                -56.3831672995558,-24.5117298004662,0
                -56.3828717994819,-24.5116942996481,0
                -56.3828107997146,-24.511653500433,0
                -56.3825056999949,-24.5116673998819,0
              </coordinates>
            </LinearRing>
          </outerBoundaryIs>
        </Polygon>
      </Placemark>
      <Placemark id="GUAYAIBI.24">
        <ExtendedData>
          <SchemaData schemaUrl="#GUAYAIBI.schema">
            <SimpleData name="Cédula">5584471.00000000000</SimpleData>
            <SimpleData name="cedula">5584471</SimpleData>
            <SimpleData name="Cédula_1">5584471.00000000000</SimpleData>
            <SimpleData name="N_">18.00000000000</SimpleData>
            <SimpleData name="Nombres_y_">AURELIA GALEANO CHAVEZ</SimpleData>
            <SimpleData name="Sexo">Mujer</SimpleData>
            <SimpleData name="Cambio_de_">NO</SimpleData>
            <SimpleData name="Titular_se">NO</SimpleData>
            <SimpleData name="Cédula_Ti">0.00000000000</SimpleData>
            <SimpleData name="Situación">NO</SimpleData>
            <SimpleData name="Comunidad">Campesina</SimpleData>
            <SimpleData name="Modelo_imp">Modelo 3</SimpleData>
            <SimpleData name="Departamen">SAN PEDRO</SimpleData>
            <SimpleData name="Distrito">GUAYAIBI</SimpleData>
            <SimpleData name="Localidad">BARRIO SAN FRANCISCO (COLONIA LUZ BELLA)</SimpleData>
            <SimpleData name="Teléfono">0982785243</SimpleData>
            <SimpleData name="Vivienda_L">-24.20208350000</SimpleData>
            <SimpleData name="Vivienda_1">-56.16103590000</SimpleData>
            <SimpleData name="Superficie">1.00000000000</SimpleData>
            <SimpleData name="Situaci_1">Pol?gono</SimpleData>
            <SimpleData name="Plantado">SI</SimpleData>
            <SimpleData name="Parcela_La">-24.20242210000</SimpleData>
            <SimpleData name="Parcela_Lo">-56.16150209000</SimpleData>
            <SimpleData name="Grupo_Impl">G1</SimpleData>
            <SimpleData name="Grupo_de_P">Lote 1-P2-XX-XX-XX</SimpleData>
            <SimpleData name="Jornales">0.00000000000</SimpleData>
            <SimpleData name="Monto">0.00000000000</SimpleData>
            <SimpleData name="ETAPA_FAO">Mantenimiento A?o 1.2</SimpleData>
            <SimpleData name="Estado_del">Activo</SimpleData>
            <SimpleData name="Adjudicado">SI</SimpleData>
            <SimpleData name="Empresa">Hyh Consultores SRL</SimpleData>
            <SimpleData name="Lote">Lote 1</SimpleData>
            <SimpleData name="Monitorear">Si</SimpleData>
            <SimpleData name="Fecha_de_M">-</SimpleData>
            <SimpleData name="F__de_pren">-</SimpleData>
            <SimpleData name="Estado_FAO">Monitorear</SimpleData>
            <SimpleData name="Etapa_de_i">Mantenimiento A?o 1.2</SimpleData>
            <SimpleData name="Fecha_visi">2026/09/16</SimpleData>
            <SimpleData name="Cumple_sup">Si</SimpleData>
            <SimpleData name="Estado_mon">-</SimpleData>
            <SimpleData name="Situaci_12">-</SimpleData>
            <SimpleData name="Observaci">-</SimpleData>
            <SimpleData name="Dias_trans">11.19396990740</SimpleData>
            <SimpleData name="Prioridad">ALTA</SimpleData>
            <SimpleData name="OBJECTID_1">18</SimpleData>
          </SchemaData>
        </ExtendedData>
        <Polygon>
          <outerBoundaryIs>
            <LinearRing>
              <coordinates>
                -56.159891800181,-24.2021148010954,0
                -56.1614836991926,-24.202872399976,0
                -56.162548499537,-24.2027964996366,0
                -56.1625859000628,-24.2021874015263,0
                -56.160624499893,-24.2020513991473,0
                -56.159891800181,-24.2021148010954,0
              </coordinates>
            </LinearRing>
          </outerBoundaryIs>
        </Polygon>
      </Placemark>
      <Placemark id="GUAYAIBI.25">
        <ExtendedData>
          <SchemaData schemaUrl="#GUAYAIBI.schema">
            <SimpleData name="Cédula">5237725.00000000000</SimpleData>
            <SimpleData name="cedula">5237725</SimpleData>
            <SimpleData name="Cédula_1">5237725.00000000000</SimpleData>
            <SimpleData name="N_">1.00000000000</SimpleData>
            <SimpleData name="Nombres_y_">FATIMA CAROLINA GARCETE</SimpleData>
            <SimpleData name="Sexo">Mujer</SimpleData>
            <SimpleData name="Cambio_de_">NO</SimpleData>
            <SimpleData name="Titular_se">NO</SimpleData>
            <SimpleData name="Cédula_Ti">0.00000000000</SimpleData>
            <SimpleData name="Situación">NO</SimpleData>
            <SimpleData name="Comunidad">Campesina</SimpleData>
            <SimpleData name="Modelo_imp">Modelo 4</SimpleData>
            <SimpleData name="Departamen">SAN PEDRO</SimpleData>
            <SimpleData name="Distrito">GUAYAIBI</SimpleData>
            <SimpleData name="Localidad">CALLE 2000</SimpleData>
            <SimpleData name="Teléfono">976427332</SimpleData>
            <SimpleData name="Vivienda_L">-24.54880020000</SimpleData>
            <SimpleData name="Vivienda_1">-56.37203670000</SimpleData>
            <SimpleData name="Superficie">0.70000000000</SimpleData>
            <SimpleData name="Situaci_1">Pol?gono</SimpleData>
            <SimpleData name="Plantado">SI</SimpleData>
            <SimpleData name="Parcela_La">-24.53970004000</SimpleData>
            <SimpleData name="Parcela_Lo">-56.37295730000</SimpleData>
            <SimpleData name="Grupo_Impl">G1</SimpleData>
            <SimpleData name="Grupo_de_P">Lote 1-P3-XX-XX-XX</SimpleData>
            <SimpleData name="Jornales">0.00000000000</SimpleData>
            <SimpleData name="Monto">0.00000000000</SimpleData>
            <SimpleData name="ETAPA_FAO">Mantenimiento A?o 1.2</SimpleData>
            <SimpleData name="Estado_del">Activo</SimpleData>
            <SimpleData name="Adjudicado">SI</SimpleData>
            <SimpleData name="Empresa">Hyh Consultores SRL</SimpleData>
            <SimpleData name="Lote">Lote 1</SimpleData>
            <SimpleData name="Monitorear">Si</SimpleData>
            <SimpleData name="Fecha_de_M">-</SimpleData>
            <SimpleData name="F__de_pren">-</SimpleData>
            <SimpleData name="Estado_FAO">Monitorear</SimpleData>
            <SimpleData name="Etapa_de_i">Mantenimiento A?o 1.2</SimpleData>
            <SimpleData name="Fecha_visi">2026/09/08</SimpleData>
            <SimpleData name="Cumple_sup">Si</SimpleData>
            <SimpleData name="Estado_mon">-</SimpleData>
            <SimpleData name="Situaci_12">-</SimpleData>
            <SimpleData name="Observaci">-</SimpleData>
            <SimpleData name="Dias_trans">19.33128472220</SimpleData>
            <SimpleData name="Prioridad">ALTA</SimpleData>
            <SimpleData name="OBJECTID_1">1</SimpleData>
          </SchemaData>
        </ExtendedData>
        <Polygon>
          <outerBoundaryIs>
            <LinearRing>
              <coordinates>
                -56.3728222998466,-24.5389882006505,0
                -56.3727083007626,-24.5404366994939,0
                -56.3730710995598,-24.540414500152,0
                -56.3732266999006,-24.5390182997735,0
                -56.3728222998466,-24.5389882006505,0
              </coordinates>
            </LinearRing>
          </outerBoundaryIs>
        </Polygon>
      </Placemark>
      <Placemark id="GUAYAIBI.26">
        <ExtendedData>
          <SchemaData schemaUrl="#GUAYAIBI.schema">
            <SimpleData name="Cédula">5637347.00000000000</SimpleData>
            <SimpleData name="cedula">5637347</SimpleData>
            <SimpleData name="Cédula_1">5637347.00000000000</SimpleData>
            <SimpleData name="N_">38.00000000000</SimpleData>
            <SimpleData name="Nombres_y_">ISMAEL BRITEZ ZARACHO</SimpleData>
            <SimpleData name="Sexo">Hombre</SimpleData>
            <SimpleData name="Cambio_de_">NO</SimpleData>
            <SimpleData name="Titular_se">NO</SimpleData>
            <SimpleData name="Cédula_Ti">0.00000000000</SimpleData>
            <SimpleData name="Situación">NO</SimpleData>
            <SimpleData name="Comunidad">Campesina</SimpleData>
            <SimpleData name="Modelo_imp">Modelo 1</SimpleData>
            <SimpleData name="Departamen">SAN PEDRO</SimpleData>
            <SimpleData name="Distrito">GUAYAIBI</SimpleData>
            <SimpleData name="Localidad">4000 TACUAPI</SimpleData>
            <SimpleData name="Teléfono">985636190</SimpleData>
            <SimpleData name="Vivienda_L">-24.49957480000</SimpleData>
            <SimpleData name="Vivienda_1">-56.21470860000</SimpleData>
            <SimpleData name="Superficie">0.80000000000</SimpleData>
            <SimpleData name="Situaci_1">Pol?gono</SimpleData>
            <SimpleData name="Plantado">SI</SimpleData>
            <SimpleData name="Parcela_La">-24.50086170000</SimpleData>
            <SimpleData name="Parcela_Lo">-56.22144727000</SimpleData>
            <SimpleData name="Grupo_Impl">G1</SimpleData>
            <SimpleData name="Grupo_de_P">Lote 1-P1-XX-XX-XX</SimpleData>
            <SimpleData name="Jornales">0.00000000000</SimpleData>
            <SimpleData name="Monto">0.00000000000</SimpleData>
            <SimpleData name="ETAPA_FAO">Mantenimiento A?o 1.2</SimpleData>
            <SimpleData name="Estado_del">Activo</SimpleData>
            <SimpleData name="Adjudicado">SI</SimpleData>
            <SimpleData name="Empresa">Hyh Consultores SRL</SimpleData>
            <SimpleData name="Lote">Lote 1</SimpleData>
            <SimpleData name="Monitorear">No</SimpleData>
            <SimpleData name="Fecha_de_M">-</SimpleData>
            <SimpleData name="F__de_pren">-</SimpleData>
            <SimpleData name="Estado_FAO">Monitorear</SimpleData>
            <SimpleData name="Etapa_de_i">Mantenimiento A?o 1.2</SimpleData>
            <SimpleData name="Fecha_visi">2026/09/01</SimpleData>
            <SimpleData name="Cumple_sup">Si</SimpleData>
            <SimpleData name="Estado_mon">-</SimpleData>
            <SimpleData name="Situaci_12">-</SimpleData>
            <SimpleData name="Observaci">-</SimpleData>
            <SimpleData name="Dias_trans">26.15508101850</SimpleData>
            <SimpleData name="Prioridad">ALTA</SimpleData>
            <SimpleData name="OBJECTID_1">38</SimpleData>
          </SchemaData>
        </ExtendedData>
        <Polygon>
          <outerBoundaryIs>
            <LinearRing>
              <coordinates>
                -56.2208186011082,-24.5011510001508,0
                -56.221904900205,-24.5013327016801,0
                -56.222074299803,-24.5005655011384,0
                -56.2209851991415,-24.5003965998662,0
                -56.2208186011082,-24.5011510001508,0
              </coordinates>
            </LinearRing>
          </outerBoundaryIs>
        </Polygon>
      </Placemark>
      <Placemark id="GUAYAIBI.27">
        <ExtendedData>
          <SchemaData schemaUrl="#GUAYAIBI.schema">
            <SimpleData name="Cédula">6081387.00000000000</SimpleData>
            <SimpleData name="cedula">6081387</SimpleData>
            <SimpleData name="Cédula_1">6081387.00000000000</SimpleData>
            <SimpleData name="N_">19.00000000000</SimpleData>
            <SimpleData name="Nombres_y_">EMILIA CHAVEZ ARECO</SimpleData>
            <SimpleData name="Sexo">Mujer</SimpleData>
            <SimpleData name="Cambio_de_">NO</SimpleData>
            <SimpleData name="Titular_se">NO</SimpleData>
            <SimpleData name="Cédula_Ti">0.00000000000</SimpleData>
            <SimpleData name="Situación">NO</SimpleData>
            <SimpleData name="Comunidad">Campesina</SimpleData>
            <SimpleData name="Modelo_imp">Modelo 5</SimpleData>
            <SimpleData name="Departamen">SAN PEDRO</SimpleData>
            <SimpleData name="Distrito">GUAYAIBI</SimpleData>
            <SimpleData name="Localidad">NATIVIDAD (COLONIA LUZ BELLA)</SimpleData>
            <SimpleData name="Teléfono">0983810810</SimpleData>
            <SimpleData name="Vivienda_L">-24.22425080000</SimpleData>
            <SimpleData name="Vivienda_1">-56.17672140000</SimpleData>
            <SimpleData name="Superficie">0.70000000000</SimpleData>
            <SimpleData name="Situaci_1">Pol?gono</SimpleData>
            <SimpleData name="Plantado">SI</SimpleData>
            <SimpleData name="Parcela_La">-24.22388070000</SimpleData>
            <SimpleData name="Parcela_Lo">-56.19141686000</SimpleData>
            <SimpleData name="Grupo_Impl">G1</SimpleData>
            <SimpleData name="Grupo_de_P">Lote 1-P3-XX-XX-XX</SimpleData>
            <SimpleData name="Jornales">0.00000000000</SimpleData>
            <SimpleData name="Monto">0.00000000000</SimpleData>
            <SimpleData name="ETAPA_FAO">Mantenimiento A?o 1.1</SimpleData>
            <SimpleData name="Estado_del">Activo</SimpleData>
            <SimpleData name="Adjudicado">SI</SimpleData>
            <SimpleData name="Empresa">Hyh Consultores SRL</SimpleData>
            <SimpleData name="Lote">Lote 1</SimpleData>
            <SimpleData name="Monitorear">Si</SimpleData>
            <SimpleData name="Fecha_de_M">18/3/2026</SimpleData>
            <SimpleData name="F__de_pren">60</SimpleData>
            <SimpleData name="Estado_FAO">Monitorear reposicion</SimpleData>
            <SimpleData name="Etapa_de_i">Mantenimiento A?o 1.1</SimpleData>
            <SimpleData name="Fecha_visi">2026/09/22</SimpleData>
            <SimpleData name="Cumple_sup">Si</SimpleData>
            <SimpleData name="Estado_mon">-</SimpleData>
            <SimpleData name="Situaci_12">-</SimpleData>
            <SimpleData name="Observaci">-</SimpleData>
            <SimpleData name="Dias_trans">5.17788194444</SimpleData>
            <SimpleData name="Prioridad">ALTA</SimpleData>
            <SimpleData name="OBJECTID_1">19</SimpleData>
          </SchemaData>
        </ExtendedData>
        <Polygon>
          <outerBoundaryIs>
            <LinearRing>
              <coordinates>
                -56.1908083003006,-24.2240999999717,0
                -56.1919618998082,-24.224256599875,0
                -56.1919717000236,-24.2235683002519,0
                -56.1908083995637,-24.2235925998555,0
                -56.1908083003006,-24.2240999999717,0
              </coordinates>
            </LinearRing>
          </outerBoundaryIs>
        </Polygon>
      </Placemark>
      <Placemark id="GUAYAIBI.28">
        <ExtendedData>
          <SchemaData schemaUrl="#GUAYAIBI.schema">
            <SimpleData name="Cédula">5741723.00000000000</SimpleData>
            <SimpleData name="cedula">5741723</SimpleData>
            <SimpleData name="Cédula_1">5741723.00000000000</SimpleData>
            <SimpleData name="N_">9.00000000000</SimpleData>
            <SimpleData name="Nombres_y_">HERMINIA MARGARITA TORRES CHAVEZ</SimpleData>
            <SimpleData name="Sexo">Mujer</SimpleData>
            <SimpleData name="Cambio_de_">NO</SimpleData>
            <SimpleData name="Titular_se">NO</SimpleData>
            <SimpleData name="Cédula_Ti">0.00000000000</SimpleData>
            <SimpleData name="Situación">NO</SimpleData>
            <SimpleData name="Comunidad">Campesina</SimpleData>
            <SimpleData name="Modelo_imp">Modelo 3</SimpleData>
            <SimpleData name="Departamen">SAN PEDRO</SimpleData>
            <SimpleData name="Distrito">GUAYAIBI</SimpleData>
            <SimpleData name="Localidad">7 DE ABRIL (COLONIA LUZ BELLA)</SimpleData>
            <SimpleData name="Teléfono">0983154309</SimpleData>
            <SimpleData name="Vivienda_L">-24.22675250000</SimpleData>
            <SimpleData name="Vivienda_1">-56.17684570000</SimpleData>
            <SimpleData name="Superficie">1.00000000000</SimpleData>
            <SimpleData name="Situaci_1">Pol?gono</SimpleData>
            <SimpleData name="Plantado">SI</SimpleData>
            <SimpleData name="Parcela_La">-24.22689519000</SimpleData>
            <SimpleData name="Parcela_Lo">-56.17938896000</SimpleData>
            <SimpleData name="Grupo_Impl">G1</SimpleData>
            <SimpleData name="Grupo_de_P">Lote 1-P2-XX-XX-XX</SimpleData>
            <SimpleData name="Jornales">0.00000000000</SimpleData>
            <SimpleData name="Monto">0.00000000000</SimpleData>
            <SimpleData name="ETAPA_FAO">Mantenimiento A?o 1.2</SimpleData>
            <SimpleData name="Estado_del">Activo</SimpleData>
            <SimpleData name="Adjudicado">SI</SimpleData>
            <SimpleData name="Empresa">Hyh Consultores SRL</SimpleData>
            <SimpleData name="Lote">Lote 1</SimpleData>
            <SimpleData name="Monitorear">No</SimpleData>
            <SimpleData name="Fecha_de_M">-</SimpleData>
            <SimpleData name="F__de_pren">-</SimpleData>
            <SimpleData name="Estado_FAO">Monitorear</SimpleData>
            <SimpleData name="Etapa_de_i">Mantenimiento A?o 1.2</SimpleData>
            <SimpleData name="Fecha_visi">2026/09/16</SimpleData>
            <SimpleData name="Cumple_sup">Si</SimpleData>
            <SimpleData name="Estado_mon">-</SimpleData>
            <SimpleData name="Situaci_12">-</SimpleData>
            <SimpleData name="Observaci">-</SimpleData>
            <SimpleData name="Dias_trans">11.26843750000</SimpleData>
            <SimpleData name="Prioridad">ALTA</SimpleData>
            <SimpleData name="OBJECTID_1">9</SimpleData>
          </SchemaData>
        </ExtendedData>
        <Polygon>
          <outerBoundaryIs>
            <LinearRing>
              <coordinates>
                -56.1781583002414,-24.2267182992739,0
                -56.1780201871715,-24.2271200163051,0
                -56.1808171996975,-24.2270112007571,0
                -56.18085800005,-24.2267227007588,0
                -56.1781583002414,-24.2267182992739,0
              </coordinates>
            </LinearRing>
          </outerBoundaryIs>
        </Polygon>
      </Placemark>
      <Placemark id="GUAYAIBI.29">
        <ExtendedData>
          <SchemaData schemaUrl="#GUAYAIBI.schema">
            <SimpleData name="Cédula">4947739.00000000000</SimpleData>
            <SimpleData name="cedula">4947739</SimpleData>
            <SimpleData name="Cédula_1">4947739.00000000000</SimpleData>
            <SimpleData name="N_">13.00000000000</SimpleData>
            <SimpleData name="Nombres_y_">FRANCISCA LOPEZ DE CHAVEZ</SimpleData>
            <SimpleData name="Sexo">Mujer</SimpleData>
            <SimpleData name="Cambio_de_">NO</SimpleData>
            <SimpleData name="Titular_se">NO</SimpleData>
            <SimpleData name="Cédula_Ti">0.00000000000</SimpleData>
            <SimpleData name="Situación">NO</SimpleData>
            <SimpleData name="Comunidad">Campesina</SimpleData>
            <SimpleData name="Modelo_imp">Modelo 1</SimpleData>
            <SimpleData name="Departamen">SAN PEDRO</SimpleData>
            <SimpleData name="Distrito">GUAYAIBI</SimpleData>
            <SimpleData name="Localidad">SAN FRANCISCO</SimpleData>
            <SimpleData name="Teléfono">0982721015</SimpleData>
            <SimpleData name="Vivienda_L">-24.22528220000</SimpleData>
            <SimpleData name="Vivienda_1">-56.17608590000</SimpleData>
            <SimpleData name="Superficie">0.80000000000</SimpleData>
            <SimpleData name="Situaci_1">Pol?gono</SimpleData>
            <SimpleData name="Plantado">SI</SimpleData>
            <SimpleData name="Parcela_La">-24.22501984000</SimpleData>
            <SimpleData name="Parcela_Lo">-56.18583196000</SimpleData>
            <SimpleData name="Grupo_Impl">G1</SimpleData>
            <SimpleData name="Grupo_de_P">Lote 1-P3-XX-XX-XX</SimpleData>
            <SimpleData name="Jornales">0.00000000000</SimpleData>
            <SimpleData name="Monto">0.00000000000</SimpleData>
            <SimpleData name="ETAPA_FAO">Mantenimiento A?o 1.2</SimpleData>
            <SimpleData name="Estado_del">Activo</SimpleData>
            <SimpleData name="Adjudicado">SI</SimpleData>
            <SimpleData name="Empresa">Hyh Consultores SRL</SimpleData>
            <SimpleData name="Lote">Lote 1</SimpleData>
            <SimpleData name="Monitorear">Si</SimpleData>
            <SimpleData name="Fecha_de_M">-</SimpleData>
            <SimpleData name="F__de_pren">-</SimpleData>
            <SimpleData name="Estado_FAO">Verificar posible desercion</SimpleData>
            <SimpleData name="Etapa_de_i">Mantenimiento A?o 1.2</SimpleData>
            <SimpleData name="Fecha_visi">2026/09/15</SimpleData>
            <SimpleData name="Cumple_sup">Si</SimpleData>
            <SimpleData name="Estado_mon">-</SimpleData>
            <SimpleData name="Situaci_12">-</SimpleData>
            <SimpleData name="Observaci">Falta de conocimiento o comprensi?n del proyecto;La parcela se encuentra muy poco cuidada no hay producci?n y no hay cultivo</SimpleData>
            <SimpleData name="Dias_trans">12.42145552080</SimpleData>
            <SimpleData name="Prioridad">ALTA</SimpleData>
            <SimpleData name="OBJECTID_1">13</SimpleData>
          </SchemaData>
        </ExtendedData>
        <Polygon>
          <outerBoundaryIs>
            <LinearRing>
              <coordinates>
                -56.184911400928,-24.2252171002065,0
                -56.186717300697,-24.2252461007504,0
                -56.186756400551,-24.2248126996433,0
                -56.1849095996053,-24.2248062001576,0
                -56.184911400928,-24.2252171002065,0
              </coordinates>
            </LinearRing>
          </outerBoundaryIs>
        </Polygon>
      </Placemark>
      <Placemark id="GUAYAIBI.30">
        <ExtendedData>
          <SchemaData schemaUrl="#GUAYAIBI.schema">
            <SimpleData name="Cédula">6547937.00000000000</SimpleData>
            <SimpleData name="cedula">6547937</SimpleData>
            <SimpleData name="Cédula_1">6547937.00000000000</SimpleData>
            <SimpleData name="N_">28.00000000000</SimpleData>
            <SimpleData name="Nombres_y_">CLARA NATALIA BOGADO ZARATE</SimpleData>
            <SimpleData name="Sexo">Mujer</SimpleData>
            <SimpleData name="Cambio_de_">NO</SimpleData>
            <SimpleData name="Titular_se">NO</SimpleData>
            <SimpleData name="Cédula_Ti">0.00000000000</SimpleData>
            <SimpleData name="Situación">NO</SimpleData>
            <SimpleData name="Comunidad">Campesina</SimpleData>
            <SimpleData name="Modelo_imp">Modelo 5</SimpleData>
            <SimpleData name="Departamen">SAN PEDRO</SimpleData>
            <SimpleData name="Distrito">GUAYAIBI</SimpleData>
            <SimpleData name="Localidad">CALLE 4000</SimpleData>
            <SimpleData name="Teléfono">0971840226</SimpleData>
            <SimpleData name="Vivienda_L">-24.56763670000</SimpleData>
            <SimpleData name="Vivienda_1">-56.38264220000</SimpleData>
            <SimpleData name="Superficie">0.70000000000</SimpleData>
            <SimpleData name="Situaci_1">Pol?gono</SimpleData>
            <SimpleData name="Plantado">SI</SimpleData>
            <SimpleData name="Parcela_La">-24.57518256000</SimpleData>
            <SimpleData name="Parcela_Lo">-56.37610454000</SimpleData>
            <SimpleData name="Grupo_Impl">G1</SimpleData>
            <SimpleData name="Grupo_de_P">Lote 1-P1-XX-XX-XX</SimpleData>
            <SimpleData name="Jornales">0.00000000000</SimpleData>
            <SimpleData name="Monto">0.00000000000</SimpleData>
            <SimpleData name="ETAPA_FAO">Mantenimiento A?o 1.2</SimpleData>
            <SimpleData name="Estado_del">Activo</SimpleData>
            <SimpleData name="Adjudicado">SI</SimpleData>
            <SimpleData name="Empresa">Hyh Consultores SRL</SimpleData>
            <SimpleData name="Lote">Lote 1</SimpleData>
            <SimpleData name="Monitorear">Si</SimpleData>
            <SimpleData name="Fecha_de_M">-</SimpleData>
            <SimpleData name="F__de_pren">-</SimpleData>
            <SimpleData name="Estado_FAO">Monitorear</SimpleData>
            <SimpleData name="Etapa_de_i">Mantenimiento A?o 1.2</SimpleData>
            <SimpleData name="Fecha_visi">2026/09/09</SimpleData>
            <SimpleData name="Cumple_sup">Si</SimpleData>
            <SimpleData name="Estado_mon">-</SimpleData>
            <SimpleData name="Situaci_12">-</SimpleData>
            <SimpleData name="Observaci">-</SimpleData>
            <SimpleData name="Dias_trans">18.35885416670</SimpleData>
            <SimpleData name="Prioridad">ALTA</SimpleData>
            <SimpleData name="OBJECTID_1">28</SimpleData>
          </SchemaData>
        </ExtendedData>
        <Polygon>
          <outerBoundaryIs>
            <LinearRing>
              <coordinates>
                -56.375847100146,-24.5758597999721,0
                -56.3763243992612,-24.5758773006287,0
                -56.3763620997465,-24.5745187996167,0
                -56.3758880000319,-24.5744723004162,0
                -56.375847100146,-24.5758597999721,0
              </coordinates>
            </LinearRing>
          </outerBoundaryIs>
        </Polygon>
      </Placemark>
      <Placemark id="GUAYAIBI.31">
        <ExtendedData>
          <SchemaData schemaUrl="#GUAYAIBI.schema">
            <SimpleData name="Cédula">4917900.00000000000</SimpleData>
            <SimpleData name="cedula">4917900</SimpleData>
            <SimpleData name="Cédula_1">4917900.00000000000</SimpleData>
            <SimpleData name="N_">22.00000000000</SimpleData>
            <SimpleData name="Nombres_y_">MARGARITA ACOSTA GONZALEZ</SimpleData>
            <SimpleData name="Sexo">Mujer</SimpleData>
            <SimpleData name="Cambio_de_">NO</SimpleData>
            <SimpleData name="Titular_se">NO</SimpleData>
            <SimpleData name="Cédula_Ti">0.00000000000</SimpleData>
            <SimpleData name="Situación">NO</SimpleData>
            <SimpleData name="Comunidad">Campesina</SimpleData>
            <SimpleData name="Modelo_imp">Modelo 5</SimpleData>
            <SimpleData name="Departamen">SAN PEDRO</SimpleData>
            <SimpleData name="Distrito">GUAYAIBI</SimpleData>
            <SimpleData name="Localidad">NATIVIDAD (COLONIA LUZ BELLA)</SimpleData>
            <SimpleData name="Teléfono">0983283943</SimpleData>
            <SimpleData name="Vivienda_L">-24.26659570000</SimpleData>
            <SimpleData name="Vivienda_1">-56.17326810000</SimpleData>
            <SimpleData name="Superficie">0.70000000000</SimpleData>
            <SimpleData name="Situaci_1">Pol?gono</SimpleData>
            <SimpleData name="Plantado">SI</SimpleData>
            <SimpleData name="Parcela_La">-24.26589426000</SimpleData>
            <SimpleData name="Parcela_Lo">-56.17348338000</SimpleData>
            <SimpleData name="Grupo_Impl">G1</SimpleData>
            <SimpleData name="Grupo_de_P">Lote 1-P2-XX-XX-XX</SimpleData>
            <SimpleData name="Jornales">0.00000000000</SimpleData>
            <SimpleData name="Monto">0.00000000000</SimpleData>
            <SimpleData name="ETAPA_FAO">Mantenimiento A?o 1.2</SimpleData>
            <SimpleData name="Estado_del">Activo</SimpleData>
            <SimpleData name="Adjudicado">SI</SimpleData>
            <SimpleData name="Empresa">Hyh Consultores SRL</SimpleData>
            <SimpleData name="Lote">Lote 1</SimpleData>
            <SimpleData name="Monitorear">Si</SimpleData>
            <SimpleData name="Fecha_de_M">-</SimpleData>
            <SimpleData name="F__de_pren">-</SimpleData>
            <SimpleData name="Estado_FAO">Monitorear</SimpleData>
            <SimpleData name="Etapa_de_i">Mantenimiento A?o 1.2</SimpleData>
            <SimpleData name="Fecha_visi">2026/09/12</SimpleData>
            <SimpleData name="Cumple_sup">Si</SimpleData>
            <SimpleData name="Estado_mon">-</SimpleData>
            <SimpleData name="Situaci_12">-</SimpleData>
            <SimpleData name="Observaci">-</SimpleData>
            <SimpleData name="Dias_trans">15.04555555560</SimpleData>
            <SimpleData name="Prioridad">ALTA</SimpleData>
            <SimpleData name="OBJECTID_1">22</SimpleData>
          </SchemaData>
        </ExtendedData>
        <Polygon>
          <outerBoundaryIs>
            <LinearRing>
              <coordinates>
                -56.1732830001955,-24.2655169999236,0
                -56.1732303997557,-24.2656585991214,0
                -56.1729677010797,-24.2656367995129,0
                -56.1729383000452,-24.2661647990622,0
                -56.1739002014004,-24.2662335000557,0
                -56.1740731998215,-24.2656688985893,0
                -56.1732830001955,-24.2655169999236,0
              </coordinates>
            </LinearRing>
          </outerBoundaryIs>
        </Polygon>
      </Placemark>
      <Placemark id="GUAYAIBI.32">
        <ExtendedData>
          <SchemaData schemaUrl="#GUAYAIBI.schema">
            <SimpleData name="Cédula">6380595.00000000000</SimpleData>
            <SimpleData name="cedula">6380595</SimpleData>
            <SimpleData name="Cédula_1">6380595.00000000000</SimpleData>
            <SimpleData name="N_">2.00000000000</SimpleData>
            <SimpleData name="Nombres_y_">NORMA BEATRIZ CABA?AS ISASI</SimpleData>
            <SimpleData name="Sexo">Mujer</SimpleData>
            <SimpleData name="Cambio_de_">NO</SimpleData>
            <SimpleData name="Titular_se">NO</SimpleData>
            <SimpleData name="Cédula_Ti">0.00000000000</SimpleData>
            <SimpleData name="Situación">NO</SimpleData>
            <SimpleData name="Comunidad">Campesina</SimpleData>
            <SimpleData name="Modelo_imp">Modelo 5</SimpleData>
            <SimpleData name="Departamen">SAN PEDRO</SimpleData>
            <SimpleData name="Distrito">GUAYAIBI</SimpleData>
            <SimpleData name="Localidad">CALLE 2000</SimpleData>
            <SimpleData name="Teléfono">0975955037</SimpleData>
            <SimpleData name="Vivienda_L">-24.54887540000</SimpleData>
            <SimpleData name="Vivienda_1">-56.39215340000</SimpleData>
            <SimpleData name="Superficie">0.70000000000</SimpleData>
            <SimpleData name="Situaci_1">Pol?gono</SimpleData>
            <SimpleData name="Plantado">SI</SimpleData>
            <SimpleData name="Parcela_La">-24.54773434000</SimpleData>
            <SimpleData name="Parcela_Lo">-56.39198009000</SimpleData>
            <SimpleData name="Grupo_Impl">G1</SimpleData>
            <SimpleData name="Grupo_de_P">Lote 1-P1-XX-XX-XX</SimpleData>
            <SimpleData name="Jornales">0.00000000000</SimpleData>
            <SimpleData name="Monto">0.00000000000</SimpleData>
            <SimpleData name="ETAPA_FAO">Mantenimiento A?o 1.1</SimpleData>
            <SimpleData name="Estado_del">Activo</SimpleData>
            <SimpleData name="Adjudicado">SI</SimpleData>
            <SimpleData name="Empresa">Hyh Consultores SRL</SimpleData>
            <SimpleData name="Lote">Lote 1</SimpleData>
            <SimpleData name="Monitorear">Si</SimpleData>
            <SimpleData name="Fecha_de_M">10/9/2026</SimpleData>
            <SimpleData name="F__de_pren">60</SimpleData>
            <SimpleData name="Estado_FAO">Monitorear reposicion</SimpleData>
            <SimpleData name="Etapa_de_i">Mantenimiento A?o 1.1</SimpleData>
            <SimpleData name="Fecha_visi">2026/09/22</SimpleData>
            <SimpleData name="Cumple_sup">Si</SimpleData>
            <SimpleData name="Estado_mon">-</SimpleData>
            <SimpleData name="Situaci_12">-</SimpleData>
            <SimpleData name="Observaci">-</SimpleData>
            <SimpleData name="Dias_trans">5.17767361111</SimpleData>
            <SimpleData name="Prioridad">ALTA</SimpleData>
            <SimpleData name="OBJECTID_1">2</SimpleData>
          </SchemaData>
        </ExtendedData>
        <Polygon>
          <outerBoundaryIs>
            <LinearRing>
              <coordinates>
                -56.3915912995891,-24.5473320012513,0
                -56.3916166010191,-24.5481631005325,0
                -56.3923163997822,-24.5481613014495,0
                -56.392391700009,-24.5473182998128,0
                -56.3915912995891,-24.5473320012513,0
              </coordinates>
            </LinearRing>
          </outerBoundaryIs>
        </Polygon>
      </Placemark>
      <Placemark id="GUAYAIBI.33">
        <ExtendedData>
          <SchemaData schemaUrl="#GUAYAIBI.schema">
            <SimpleData name="Cédula">5656084.00000000000</SimpleData>
            <SimpleData name="cedula">5656084</SimpleData>
            <SimpleData name="Cédula_1">5656084.00000000000</SimpleData>
            <SimpleData name="N_">8.00000000000</SimpleData>
            <SimpleData name="Nombres_y_">LILIANA FERNANDEZ AVEIRO</SimpleData>
            <SimpleData name="Sexo">Mujer</SimpleData>
            <SimpleData name="Cambio_de_">NO</SimpleData>
            <SimpleData name="Titular_se">NO</SimpleData>
            <SimpleData name="Cédula_Ti">0.00000000000</SimpleData>
            <SimpleData name="Situación">NO</SimpleData>
            <SimpleData name="Comunidad">Campesina</SimpleData>
            <SimpleData name="Modelo_imp">Modelo 5</SimpleData>
            <SimpleData name="Departamen">SAN PEDRO</SimpleData>
            <SimpleData name="Distrito">GUAYAIBI</SimpleData>
            <SimpleData name="Localidad">CARAYAO I</SimpleData>
            <SimpleData name="Teléfono">0971786462</SimpleData>
            <SimpleData name="Vivienda_L">-24.51019020000</SimpleData>
            <SimpleData name="Vivienda_1">-56.37086720000</SimpleData>
            <SimpleData name="Superficie">0.70000000000</SimpleData>
            <SimpleData name="Situaci_1">Pol?gono</SimpleData>
            <SimpleData name="Plantado">SI</SimpleData>
            <SimpleData name="Parcela_La">-24.51049421000</SimpleData>
            <SimpleData name="Parcela_Lo">-56.37301105000</SimpleData>
            <SimpleData name="Grupo_Impl">G1</SimpleData>
            <SimpleData name="Grupo_de_P">Lote 1-P1-XX-XX-XX</SimpleData>
            <SimpleData name="Jornales">0.00000000000</SimpleData>
            <SimpleData name="Monto">0.00000000000</SimpleData>
            <SimpleData name="ETAPA_FAO">Mantenimiento A?o 1.2</SimpleData>
            <SimpleData name="Estado_del">Activo</SimpleData>
            <SimpleData name="Adjudicado">SI</SimpleData>
            <SimpleData name="Empresa">Hyh Consultores SRL</SimpleData>
            <SimpleData name="Lote">Lote 1</SimpleData>
            <SimpleData name="Monitorear">Si</SimpleData>
            <SimpleData name="Fecha_de_M">-</SimpleData>
            <SimpleData name="F__de_pren">-</SimpleData>
            <SimpleData name="Estado_FAO">Monitorear</SimpleData>
            <SimpleData name="Etapa_de_i">Mantenimiento A?o 1.2</SimpleData>
            <SimpleData name="Fecha_visi">2026/09/03</SimpleData>
            <SimpleData name="Cumple_sup">Si</SimpleData>
            <SimpleData name="Estado_mon">-</SimpleData>
            <SimpleData name="Situaci_12">-</SimpleData>
            <SimpleData name="Observaci">-</SimpleData>
            <SimpleData name="Dias_trans">24.15682870370</SimpleData>
            <SimpleData name="Prioridad">ALTA</SimpleData>
            <SimpleData name="OBJECTID_1">8</SimpleData>
          </SchemaData>
        </ExtendedData>
        <Polygon>
          <outerBoundaryIs>
            <LinearRing>
              <coordinates>
                -56.3723549002029,-24.5101326005898,0
                -56.3724838994632,-24.5105556999832,0
                -56.3728736003296,-24.5105509001695,0
                -56.37300140136,-24.5109770006813,0
                -56.3735500006654,-24.5109808003752,0
                -56.3733011007068,-24.5101145002276,0
                -56.3723549002029,-24.5101326005898,0
              </coordinates>
            </LinearRing>
          </outerBoundaryIs>
        </Polygon>
      </Placemark>
      <Placemark id="GUAYAIBI.34">
        <ExtendedData>
          <SchemaData schemaUrl="#GUAYAIBI.schema">
            <SimpleData name="Cédula">3765391.00000000000</SimpleData>
            <SimpleData name="cedula">3765391</SimpleData>
            <SimpleData name="Cédula_1">3765391.00000000000</SimpleData>
            <SimpleData name="N_">33.00000000000</SimpleData>
            <SimpleData name="Nombres_y_">MABEL FERREIRA</SimpleData>
            <SimpleData name="Sexo">Mujer</SimpleData>
            <SimpleData name="Cambio_de_">NO</SimpleData>
            <SimpleData name="Titular_se">NO</SimpleData>
            <SimpleData name="Cédula_Ti">0.00000000000</SimpleData>
            <SimpleData name="Situación">NO</SimpleData>
            <SimpleData name="Comunidad">Campesina</SimpleData>
            <SimpleData name="Modelo_imp">Modelo 5</SimpleData>
            <SimpleData name="Departamen">SAN PEDRO</SimpleData>
            <SimpleData name="Distrito">GUAYAIBI</SimpleData>
            <SimpleData name="Localidad">LUZ BELLA SAN LUIS</SimpleData>
            <SimpleData name="Teléfono">0986176693</SimpleData>
            <SimpleData name="Vivienda_L">-24.32174200000</SimpleData>
            <SimpleData name="Vivienda_1">-56.17352440000</SimpleData>
            <SimpleData name="Superficie">0.70000000000</SimpleData>
            <SimpleData name="Situaci_1">Pol?gono</SimpleData>
            <SimpleData name="Plantado">SI</SimpleData>
            <SimpleData name="Parcela_La">-24.32208690000</SimpleData>
            <SimpleData name="Parcela_Lo">-56.17063565000</SimpleData>
            <SimpleData name="Grupo_Impl">G1</SimpleData>
            <SimpleData name="Grupo_de_P">Lote 1-P2-XX-XX-XX</SimpleData>
            <SimpleData name="Jornales">0.00000000000</SimpleData>
            <SimpleData name="Monto">0.00000000000</SimpleData>
            <SimpleData name="ETAPA_FAO">Mantenimiento A?o 1.1</SimpleData>
            <SimpleData name="Estado_del">Activo</SimpleData>
            <SimpleData name="Adjudicado">SI</SimpleData>
            <SimpleData name="Empresa">Hyh Consultores SRL</SimpleData>
            <SimpleData name="Lote">Lote 1</SimpleData>
            <SimpleData name="Monitorear">Si</SimpleData>
            <SimpleData name="Fecha_de_M">27/5/2026</SimpleData>
            <SimpleData name="F__de_pren">60</SimpleData>
            <SimpleData name="Estado_FAO">Monitorear reposicion</SimpleData>
            <SimpleData name="Etapa_de_i">Mantenimiento A?o 1.1</SimpleData>
            <SimpleData name="Fecha_visi">2026/09/23</SimpleData>
            <SimpleData name="Cumple_sup">Si</SimpleData>
            <SimpleData name="Estado_mon">-</SimpleData>
            <SimpleData name="Situaci_12">-</SimpleData>
            <SimpleData name="Observaci">-</SimpleData>
            <SimpleData name="Dias_trans">4.18038194445</SimpleData>
            <SimpleData name="Prioridad">ALTA</SimpleData>
            <SimpleData name="OBJECTID_1">33</SimpleData>
          </SchemaData>
        </ExtendedData>
        <MultiGeometry>
          <Polygon>
            <outerBoundaryIs>
              <LinearRing>
                <coordinates>
                  -56.1702333004918,-24.3223700004713,0
                  -56.1709833009148,-24.3224032999717,0
                  -56.1710115012466,-24.3218182000701,0
                  -56.1703371993895,-24.3217378009698,0
                  -56.1702333004918,-24.3223700004713,0
                </coordinates>
              </LinearRing>
            </outerBoundaryIs>
          </Polygon>
          <Polygon>
            <outerBoundaryIs>
              <LinearRing>
                <coordinates>
                  -56.1719913435936,-24.3214708509938,0
                  -56.1719901999186,-24.3214829006116,0
                  -56.1729041007571,-24.3214788008153,0
                  -56.1729167002985,-24.3212183007272,0
                  -56.1726010699443,-24.3212130413956,0
                  -56.1720231968921,-24.3212034080242,0
                  -56.172016698746,-24.3212032994287,0
                  -56.1720157517197,-24.3212132973097,0
                  -56.1719913435936,-24.3214708509938,0
                </coordinates>
              </LinearRing>
            </outerBoundaryIs>
          </Polygon>
        </MultiGeometry>
      </Placemark>
      <Placemark id="GUAYAIBI.35">
        <ExtendedData>
          <SchemaData schemaUrl="#GUAYAIBI.schema">
            <SimpleData name="Cédula">7486899.00000000000</SimpleData>
            <SimpleData name="cedula">7486899</SimpleData>
            <SimpleData name="Cédula_1">7486899.00000000000</SimpleData>
            <SimpleData name="N_">229.00000000000</SimpleData>
            <SimpleData name="Nombres_y_">LIVIA DILMAR PEREIRA</SimpleData>
            <SimpleData name="Sexo">Mujer</SimpleData>
            <SimpleData name="Cambio_de_">NO</SimpleData>
            <SimpleData name="Titular_se">NO</SimpleData>
            <SimpleData name="Cédula_Ti">0.00000000000</SimpleData>
            <SimpleData name="Situación">NO</SimpleData>
            <SimpleData name="Comunidad">Campesina</SimpleData>
            <SimpleData name="Modelo_imp">Modelo 5</SimpleData>
            <SimpleData name="Departamen">SAN PEDRO</SimpleData>
            <SimpleData name="Distrito">GUAYAIBI</SimpleData>
            <SimpleData name="Localidad">NARANJA HAI</SimpleData>
            <SimpleData name="Vivienda_L">-24.47916650000</SimpleData>
            <SimpleData name="Vivienda_1">-56.29938570000</SimpleData>
            <SimpleData name="Superficie">0.70000000000</SimpleData>
            <SimpleData name="Situaci_1">Pol?gono</SimpleData>
            <SimpleData name="Plantado">SI</SimpleData>
            <SimpleData name="Parcela_La">-24.47797280000</SimpleData>
            <SimpleData name="Parcela_Lo">-56.30198095000</SimpleData>
            <SimpleData name="Grupo_Impl">G1</SimpleData>
            <SimpleData name="Grupo_de_P">Lote 1-P3-XX-XX-XX</SimpleData>
            <SimpleData name="Jornales">0.00000000000</SimpleData>
            <SimpleData name="Monto">0.00000000000</SimpleData>
            <SimpleData name="ETAPA_FAO">Mantenimiento A?o 1.2</SimpleData>
            <SimpleData name="Estado_del">Activo</SimpleData>
            <SimpleData name="Adjudicado">SI</SimpleData>
            <SimpleData name="Empresa">Hyh Consultores SRL</SimpleData>
            <SimpleData name="Lote">Lote 1</SimpleData>
            <SimpleData name="Monitorear">Si</SimpleData>
            <SimpleData name="Fecha_de_M">-</SimpleData>
            <SimpleData name="F__de_pren">-</SimpleData>
            <SimpleData name="Estado_FAO">Monitorear</SimpleData>
            <SimpleData name="Etapa_de_i">Mantenimiento A?o 1.2</SimpleData>
            <SimpleData name="Fecha_visi">2026/09/11</SimpleData>
            <SimpleData name="Cumple_sup">Si</SimpleData>
            <SimpleData name="Estado_mon">-</SimpleData>
            <SimpleData name="Situaci_12">-</SimpleData>
            <SimpleData name="Observaci">-</SimpleData>
            <SimpleData name="Dias_trans">16.50910879630</SimpleData>
            <SimpleData name="Prioridad">ALTA</SimpleData>
            <SimpleData name="OBJECTID_1">229</SimpleData>
          </SchemaData>
        </ExtendedData>
        <MultiGeometry>
          <Polygon>
            <outerBoundaryIs>
              <LinearRing>
                <coordinates>
                  -56.301002099675,-24.4782569996729,0
                  -56.301212637206,-24.4785785495807,0
                  -56.3018535002642,-24.4781913999877,0
                  -56.3018048993003,-24.4778666996564,0
                  -56.301002099675,-24.4782569996729,0
                </coordinates>
              </LinearRing>
            </outerBoundaryIs>
          </Polygon>
          <Polygon>
            <outerBoundaryIs>
              <LinearRing>
                <coordinates>
                  -56.3019181996227,-24.4778157006555,0
                  -56.3020162001414,-24.4781520998078,0
                  -56.3029378995762,-24.4777097998574,0
                  -56.3027390000286,-24.4773926003477,0
                  -56.3019181996227,-24.4778157006555,0
                </coordinates>
              </LinearRing>
            </outerBoundaryIs>
          </Polygon>
        </MultiGeometry>
      </Placemark>
      <Placemark id="GUAYAIBI.36">
        <ExtendedData>
          <SchemaData schemaUrl="#GUAYAIBI.schema">
            <SimpleData name="Cédula">5909644.00000000000</SimpleData>
            <SimpleData name="cedula">5909644</SimpleData>
            <SimpleData name="Cédula_1">5909644.00000000000</SimpleData>
            <SimpleData name="N_">228.00000000000</SimpleData>
            <SimpleData name="Nombres_y_">CLAUDINA  GIMENEZ GAVILAN</SimpleData>
            <SimpleData name="Sexo">Mujer</SimpleData>
            <SimpleData name="Cambio_de_">NO</SimpleData>
            <SimpleData name="Titular_se">NO</SimpleData>
            <SimpleData name="Cédula_Ti">0.00000000000</SimpleData>
            <SimpleData name="Situación">NO</SimpleData>
            <SimpleData name="Comunidad">Campesina</SimpleData>
            <SimpleData name="Modelo_imp">Modelo 5</SimpleData>
            <SimpleData name="Departamen">SAN PEDRO</SimpleData>
            <SimpleData name="Distrito">GUAYAIBI</SimpleData>
            <SimpleData name="Localidad">2DO. LOTE</SimpleData>
            <SimpleData name="Vivienda_L">-24.54136860000</SimpleData>
            <SimpleData name="Vivienda_1">-56.35120870000</SimpleData>
            <SimpleData name="Superficie">0.70000000000</SimpleData>
            <SimpleData name="Situaci_1">Pol?gono</SimpleData>
            <SimpleData name="Plantado">SI</SimpleData>
            <SimpleData name="Parcela_La">-24.54116408000</SimpleData>
            <SimpleData name="Parcela_Lo">-56.34540957000</SimpleData>
            <SimpleData name="Grupo_Impl">G1</SimpleData>
            <SimpleData name="Grupo_de_P">Lote 1-P3-XX-XX-XX</SimpleData>
            <SimpleData name="Jornales">0.00000000000</SimpleData>
            <SimpleData name="Monto">0.00000000000</SimpleData>
            <SimpleData name="ETAPA_FAO">Mantenimiento A?o 1.2</SimpleData>
            <SimpleData name="Estado_del">Activo</SimpleData>
            <SimpleData name="Adjudicado">SI</SimpleData>
            <SimpleData name="Empresa">Hyh Consultores SRL</SimpleData>
            <SimpleData name="Lote">Lote 1</SimpleData>
            <SimpleData name="Monitorear">Si</SimpleData>
            <SimpleData name="Fecha_de_M">-</SimpleData>
            <SimpleData name="F__de_pren">-</SimpleData>
            <SimpleData name="Estado_FAO">Monitorear</SimpleData>
            <SimpleData name="Etapa_de_i">Mantenimiento A?o 1.2</SimpleData>
            <SimpleData name="Fecha_visi">2026/09/23</SimpleData>
            <SimpleData name="Cumple_sup">Si</SimpleData>
            <SimpleData name="Estado_mon">-</SimpleData>
            <SimpleData name="Situaci_12">-</SimpleData>
            <SimpleData name="Observaci">-</SimpleData>
            <SimpleData name="Dias_trans">4.29652777778</SimpleData>
            <SimpleData name="Prioridad">ALTA</SimpleData>
            <SimpleData name="OBJECTID_1">228</SimpleData>
          </SchemaData>
        </ExtendedData>
        <Polygon>
          <outerBoundaryIs>
            <LinearRing>
              <coordinates>
                -56.3445966005336,-24.5409639996133,0
                -56.3446043005854,-24.5413680995923,0
                -56.3462500005067,-24.5413534001528,0
                -56.3462133002732,-24.5409682999378,0
                -56.3445966005336,-24.5409639996133,0
              </coordinates>
            </LinearRing>
          </outerBoundaryIs>
        </Polygon>
      </Placemark>
      <Placemark id="GUAYAIBI.37">
        <ExtendedData>
          <SchemaData schemaUrl="#GUAYAIBI.schema">
            <SimpleData name="Cédula">5427606.00000000000</SimpleData>
            <SimpleData name="cedula">5427606</SimpleData>
            <SimpleData name="Cédula_1">5427606.00000000000</SimpleData>
            <SimpleData name="N_">25.00000000000</SimpleData>
            <SimpleData name="Nombres_y_">MARIA TERESA ARCE CACERES</SimpleData>
            <SimpleData name="Sexo">Mujer</SimpleData>
            <SimpleData name="Cambio_de_">NO</SimpleData>
            <SimpleData name="Titular_se">NO</SimpleData>
            <SimpleData name="Cédula_Ti">0.00000000000</SimpleData>
            <SimpleData name="Situación">NO</SimpleData>
            <SimpleData name="Comunidad">Campesina</SimpleData>
            <SimpleData name="Modelo_imp">Modelo 2</SimpleData>
            <SimpleData name="Departamen">SAN PEDRO</SimpleData>
            <SimpleData name="Distrito">GUAYAIBI</SimpleData>
            <SimpleData name="Localidad">LUZ BELLA SAN LUIS</SimpleData>
            <SimpleData name="Teléfono">0975330038</SimpleData>
            <SimpleData name="Vivienda_L">-24.32815130000</SimpleData>
            <SimpleData name="Vivienda_1">-56.17389190000</SimpleData>
            <SimpleData name="Superficie">0.80000000000</SimpleData>
            <SimpleData name="Situaci_1">Pol?gono</SimpleData>
            <SimpleData name="Plantado">SI</SimpleData>
            <SimpleData name="Parcela_La">-24.33151123000</SimpleData>
            <SimpleData name="Parcela_Lo">-56.17767705000</SimpleData>
            <SimpleData name="Grupo_Impl">G1</SimpleData>
            <SimpleData name="Grupo_de_P">Lote 1-P2-XX-XX-XX</SimpleData>
            <SimpleData name="Jornales">0.00000000000</SimpleData>
            <SimpleData name="Monto">0.00000000000</SimpleData>
            <SimpleData name="ETAPA_FAO">Mantenimiento A?o 1.2</SimpleData>
            <SimpleData name="Estado_del">Activo</SimpleData>
            <SimpleData name="Adjudicado">SI</SimpleData>
            <SimpleData name="Empresa">Hyh Consultores SRL</SimpleData>
            <SimpleData name="Lote">Lote 1</SimpleData>
            <SimpleData name="Monitorear">Si</SimpleData>
            <SimpleData name="Fecha_de_M">-</SimpleData>
            <SimpleData name="F__de_pren">-</SimpleData>
            <SimpleData name="Estado_FAO">Monitorear</SimpleData>
            <SimpleData name="Etapa_de_i">Mantenimiento A?o 1.2</SimpleData>
            <SimpleData name="Fecha_visi">2026/09/24</SimpleData>
            <SimpleData name="Cumple_sup">Si</SimpleData>
            <SimpleData name="Estado_mon">-</SimpleData>
            <SimpleData name="Situaci_12">-</SimpleData>
            <SimpleData name="Observaci">-</SimpleData>
            <SimpleData name="Dias_trans">3.15223379630</SimpleData>
            <SimpleData name="Prioridad">ALTA</SimpleData>
            <SimpleData name="OBJECTID_1">25</SimpleData>
          </SchemaData>
        </ExtendedData>
        <Polygon>
          <outerBoundaryIs>
            <LinearRing>
              <coordinates>
                -56.1764183000462,-24.3316517011705,0
                -56.1789111003817,-24.331699701259,0
                -56.1789298004614,-24.3313620994333,0
                -56.1764014999687,-24.331332199983,0
                -56.1764183000462,-24.3316517011705,0
              </coordinates>
            </LinearRing>
          </outerBoundaryIs>
        </Polygon>
      </Placemark>
      <Placemark id="GUAYAIBI.38">
        <ExtendedData>
          <SchemaData schemaUrl="#GUAYAIBI.schema">
            <SimpleData name="Cédula">7355143.00000000000</SimpleData>
            <SimpleData name="cedula">7355143</SimpleData>
            <SimpleData name="Cédula_1">7355143.00000000000</SimpleData>
            <SimpleData name="N_">26.00000000000</SimpleData>
            <SimpleData name="Nombres_y_">MARIA LUISA OVIEDO ENCISO</SimpleData>
            <SimpleData name="Sexo">Mujer</SimpleData>
            <SimpleData name="Cambio_de_">NO</SimpleData>
            <SimpleData name="Titular_se">NO</SimpleData>
            <SimpleData name="Cédula_Ti">0.00000000000</SimpleData>
            <SimpleData name="Situación">NO</SimpleData>
            <SimpleData name="Comunidad">Campesina</SimpleData>
            <SimpleData name="Modelo_imp">Modelo 2</SimpleData>
            <SimpleData name="Departamen">SAN PEDRO</SimpleData>
            <SimpleData name="Distrito">GUAYAIBI</SimpleData>
            <SimpleData name="Localidad">LUZ BELLA SAN LUIS</SimpleData>
            <SimpleData name="Teléfono">0983092333</SimpleData>
            <SimpleData name="Vivienda_L">-24.32305090000</SimpleData>
            <SimpleData name="Vivienda_1">-56.17426890000</SimpleData>
            <SimpleData name="Superficie">0.80000000000</SimpleData>
            <SimpleData name="Situaci_1">Pol?gono</SimpleData>
            <SimpleData name="Plantado">SI</SimpleData>
            <SimpleData name="Parcela_La">-24.32351594000</SimpleData>
            <SimpleData name="Parcela_Lo">-56.17849355000</SimpleData>
            <SimpleData name="Grupo_Impl">G1</SimpleData>
            <SimpleData name="Grupo_de_P">Lote 1-P3-XX-XX-XX</SimpleData>
            <SimpleData name="Jornales">0.00000000000</SimpleData>
            <SimpleData name="Monto">0.00000000000</SimpleData>
            <SimpleData name="ETAPA_FAO">Mantenimiento A?o 1.2</SimpleData>
            <SimpleData name="Estado_del">Activo</SimpleData>
            <SimpleData name="Adjudicado">SI</SimpleData>
            <SimpleData name="Empresa">Hyh Consultores SRL</SimpleData>
            <SimpleData name="Lote">Lote 1</SimpleData>
            <SimpleData name="Monitorear">No</SimpleData>
            <SimpleData name="Fecha_de_M">-</SimpleData>
            <SimpleData name="F__de_pren">-</SimpleData>
            <SimpleData name="Estado_FAO">Monitorear</SimpleData>
            <SimpleData name="Etapa_de_i">Mantenimiento A?o 1.2</SimpleData>
            <SimpleData name="Fecha_visi">2026/09/24</SimpleData>
            <SimpleData name="Cumple_sup">Si</SimpleData>
            <SimpleData name="Estado_mon">-</SimpleData>
            <SimpleData name="Situaci_12">-</SimpleData>
            <SimpleData name="Observaci">-</SimpleData>
            <SimpleData name="Dias_trans">3.15230324074</SimpleData>
            <SimpleData name="Prioridad">ALTA</SimpleData>
            <SimpleData name="OBJECTID_1">26</SimpleData>
          </SchemaData>
        </ExtendedData>
        <Polygon>
          <outerBoundaryIs>
            <LinearRing>
              <coordinates>
                -56.1780269853971,-24.3231783932905,0
                -56.1780737999092,-24.3239177998204,0
                -56.178956000341,-24.3239142003474,0
                -56.1789445007348,-24.3231486994337,0
                -56.1780281482327,-24.3230952774243,0
                -56.17802170099,-24.323094900227,0
                -56.1780269853971,-24.3231783932905,0
              </coordinates>
            </LinearRing>
          </outerBoundaryIs>
        </Polygon>
      </Placemark>
      <Placemark id="GUAYAIBI.39">
        <ExtendedData>
          <SchemaData schemaUrl="#GUAYAIBI.schema">
            <SimpleData name="Cédula">6581543.00000000000</SimpleData>
            <SimpleData name="cedula">6581543</SimpleData>
            <SimpleData name="Cédula_1">6581543.00000000000</SimpleData>
            <SimpleData name="N_">34.00000000000</SimpleData>
            <SimpleData name="Nombres_y_">LAURA BEATRIZ LEON VILLAGRA</SimpleData>
            <SimpleData name="Sexo">Mujer</SimpleData>
            <SimpleData name="Cambio_de_">NO</SimpleData>
            <SimpleData name="Titular_se">NO</SimpleData>
            <SimpleData name="Cédula_Ti">0.00000000000</SimpleData>
            <SimpleData name="Situación">NO</SimpleData>
            <SimpleData name="Comunidad">Campesina</SimpleData>
            <SimpleData name="Modelo_imp">Modelo 6</SimpleData>
            <SimpleData name="Departamen">SAN PEDRO</SimpleData>
            <SimpleData name="Distrito">GUAYAIBI</SimpleData>
            <SimpleData name="Localidad">PRIMAVERA</SimpleData>
            <SimpleData name="Teléfono">0975382281</SimpleData>
            <SimpleData name="Vivienda_L">-24.44961370000</SimpleData>
            <SimpleData name="Vivienda_1">-56.17929620000</SimpleData>
            <SimpleData name="Superficie">0.90000000000</SimpleData>
            <SimpleData name="Situaci_1">Pol?gono</SimpleData>
            <SimpleData name="Plantado">SI</SimpleData>
            <SimpleData name="Parcela_La">-24.45151922000</SimpleData>
            <SimpleData name="Parcela_Lo">-56.17934771000</SimpleData>
            <SimpleData name="Grupo_Impl">G1</SimpleData>
            <SimpleData name="Grupo_de_P">Lote 1-P1-XX-XX-XX</SimpleData>
            <SimpleData name="Jornales">0.00000000000</SimpleData>
            <SimpleData name="Monto">0.00000000000</SimpleData>
            <SimpleData name="ETAPA_FAO">Mantenimiento A?o 1.1</SimpleData>
            <SimpleData name="Estado_del">Activo</SimpleData>
            <SimpleData name="Adjudicado">SI</SimpleData>
            <SimpleData name="Empresa">Hyh Consultores SRL</SimpleData>
            <SimpleData name="Lote">Lote 1</SimpleData>
            <SimpleData name="Monitorear">Si</SimpleData>
            <SimpleData name="Fecha_de_M">14/1/2026</SimpleData>
            <SimpleData name="F__de_pren">60</SimpleData>
            <SimpleData name="Estado_FAO">Monitorear reposicion</SimpleData>
            <SimpleData name="Etapa_de_i">Mantenimiento A?o 1.1</SimpleData>
            <SimpleData name="Fecha_visi">2026/09/02</SimpleData>
            <SimpleData name="Cumple_sup">Si</SimpleData>
            <SimpleData name="Estado_mon">-</SimpleData>
            <SimpleData name="Situaci_12">-</SimpleData>
            <SimpleData name="Observaci">-</SimpleData>
            <SimpleData name="Dias_trans">25.46355324070</SimpleData>
            <SimpleData name="Prioridad">ALTA</SimpleData>
            <SimpleData name="OBJECTID_1">34</SimpleData>
          </SchemaData>
        </ExtendedData>
        <Polygon>
          <outerBoundaryIs>
            <LinearRing>
              <coordinates>
                -56.1786389003425,-24.4517635004596,0
                -56.1792039993382,-24.4518059999741,0
                -56.1795366016065,-24.4517739004162,0
                -56.1795707997846,-24.4519499999324,0
                -56.179968999246,-24.4519751009551,0
                -56.1799505998817,-24.4512022001671,0
                -56.1787117998854,-24.451156701386,0
                -56.1786389003425,-24.4517635004596,0
              </coordinates>
            </LinearRing>
          </outerBoundaryIs>
        </Polygon>
      </Placemark>
      <Placemark id="GUAYAIBI.40">
        <ExtendedData>
          <SchemaData schemaUrl="#GUAYAIBI.schema">
            <SimpleData name="Cédula">4762133.00000000000</SimpleData>
            <SimpleData name="cedula">4762133</SimpleData>
            <SimpleData name="Cédula_1">4762133.00000000000</SimpleData>
            <SimpleData name="N_">29.00000000000</SimpleData>
            <SimpleData name="Nombres_y_">ZULMA ROJAS SAMUDIO</SimpleData>
            <SimpleData name="Sexo">Mujer</SimpleData>
            <SimpleData name="Cambio_de_">NO</SimpleData>
            <SimpleData name="Titular_se">NO</SimpleData>
            <SimpleData name="Cédula_Ti">0.00000000000</SimpleData>
            <SimpleData name="Situación">NO</SimpleData>
            <SimpleData name="Comunidad">Campesina</SimpleData>
            <SimpleData name="Modelo_imp">Modelo 1</SimpleData>
            <SimpleData name="Departamen">SAN PEDRO</SimpleData>
            <SimpleData name="Distrito">GUAYAIBI</SimpleData>
            <SimpleData name="Localidad">CALLE 6000</SimpleData>
            <SimpleData name="Teléfono">0984484891</SimpleData>
            <SimpleData name="Vivienda_L">-24.58587130000</SimpleData>
            <SimpleData name="Vivienda_1">-56.33356360000</SimpleData>
            <SimpleData name="Superficie">0.80000000000</SimpleData>
            <SimpleData name="Situaci_1">Pol?gono</SimpleData>
            <SimpleData name="Plantado">SI</SimpleData>
            <SimpleData name="Parcela_La">-24.59234093000</SimpleData>
            <SimpleData name="Parcela_Lo">-56.33366260000</SimpleData>
            <SimpleData name="Grupo_Impl">G1</SimpleData>
            <SimpleData name="Grupo_de_P">Lote 1-P1-XX-XX-XX</SimpleData>
            <SimpleData name="Jornales">0.00000000000</SimpleData>
            <SimpleData name="Monto">0.00000000000</SimpleData>
            <SimpleData name="ETAPA_FAO">Mantenimiento A?o 1.2</SimpleData>
            <SimpleData name="Estado_del">Activo</SimpleData>
            <SimpleData name="Adjudicado">SI</SimpleData>
            <SimpleData name="Empresa">Hyh Consultores SRL</SimpleData>
            <SimpleData name="Lote">Lote 1</SimpleData>
            <SimpleData name="Monitorear">No</SimpleData>
            <SimpleData name="Fecha_de_M">-</SimpleData>
            <SimpleData name="F__de_pren">-</SimpleData>
            <SimpleData name="Estado_FAO">Monitorear</SimpleData>
            <SimpleData name="Etapa_de_i">Mantenimiento A?o 1.2</SimpleData>
            <SimpleData name="Fecha_visi">2026/09/01</SimpleData>
            <SimpleData name="Cumple_sup">Si</SimpleData>
            <SimpleData name="Estado_mon">-</SimpleData>
            <SimpleData name="Situaci_12">-</SimpleData>
            <SimpleData name="Observaci">-</SimpleData>
            <SimpleData name="Dias_trans">26.45496527780</SimpleData>
            <SimpleData name="Prioridad">ALTA</SimpleData>
            <SimpleData name="OBJECTID_1">29</SimpleData>
          </SchemaData>
        </ExtendedData>
        <Polygon>
          <outerBoundaryIs>
            <LinearRing>
              <coordinates>
                -56.3331842003819,-24.5923447996596,0
                -56.3340671008674,-24.5930856001927,0
                -56.334128342302,-24.592300761468,0
                -56.3332535996984,-24.5916149016007,0
                -56.3331842003819,-24.5923447996596,0
              </coordinates>
            </LinearRing>
          </outerBoundaryIs>
        </Polygon>
      </Placemark>
      <Placemark id="GUAYAIBI.41">
        <ExtendedData>
          <SchemaData schemaUrl="#GUAYAIBI.schema">
            <SimpleData name="Cédula">7748364.00000000000</SimpleData>
            <SimpleData name="cedula">7748364</SimpleData>
            <SimpleData name="Cédula_1">7748364.00000000000</SimpleData>
            <SimpleData name="N_">6.00000000000</SimpleData>
            <SimpleData name="Nombres_y_">ISABEL  IBARRA DELGADO</SimpleData>
            <SimpleData name="Sexo">Mujer</SimpleData>
            <SimpleData name="Cambio_de_">NO</SimpleData>
            <SimpleData name="Titular_se">NO</SimpleData>
            <SimpleData name="Cédula_Ti">0.00000000000</SimpleData>
            <SimpleData name="Situación">NO</SimpleData>
            <SimpleData name="Comunidad">Campesina</SimpleData>
            <SimpleData name="Modelo_imp">Modelo 1</SimpleData>
            <SimpleData name="Departamen">SAN PEDRO</SimpleData>
            <SimpleData name="Distrito">GUAYAIBI</SimpleData>
            <SimpleData name="Localidad">7 DE ABRIL (COLONIA LUZ BELLA)</SimpleData>
            <SimpleData name="Teléfono">0981989945</SimpleData>
            <SimpleData name="Vivienda_L">-24.23041670000</SimpleData>
            <SimpleData name="Vivienda_1">-56.17733730000</SimpleData>
            <SimpleData name="Superficie">0.80000000000</SimpleData>
            <SimpleData name="Situaci_1">Pol?gono</SimpleData>
            <SimpleData name="Plantado">SI</SimpleData>
            <SimpleData name="Parcela_La">-24.22970502000</SimpleData>
            <SimpleData name="Parcela_Lo">-56.17677635000</SimpleData>
            <SimpleData name="Grupo_Impl">G1</SimpleData>
            <SimpleData name="Grupo_de_P">Lote 1-P2-XX-XX-XX</SimpleData>
            <SimpleData name="Jornales">0.00000000000</SimpleData>
            <SimpleData name="Monto">0.00000000000</SimpleData>
            <SimpleData name="ETAPA_FAO">Mantenimiento A?o 1.2</SimpleData>
            <SimpleData name="Estado_del">Activo</SimpleData>
            <SimpleData name="Adjudicado">SI</SimpleData>
            <SimpleData name="Empresa">Hyh Consultores SRL</SimpleData>
            <SimpleData name="Lote">Lote 1</SimpleData>
            <SimpleData name="Monitorear">Si</SimpleData>
            <SimpleData name="Fecha_de_M">-</SimpleData>
            <SimpleData name="F__de_pren">-</SimpleData>
            <SimpleData name="Estado_FAO">Monitorear</SimpleData>
            <SimpleData name="Etapa_de_i">Mantenimiento A?o 1.2</SimpleData>
            <SimpleData name="Fecha_visi">2026/09/16</SimpleData>
            <SimpleData name="Cumple_sup">Si</SimpleData>
            <SimpleData name="Estado_mon">-</SimpleData>
            <SimpleData name="Situaci_12">-</SimpleData>
            <SimpleData name="Observaci">-</SimpleData>
            <SimpleData name="Dias_trans">11.43935185190</SimpleData>
            <SimpleData name="Prioridad">ALTA</SimpleData>
            <SimpleData name="OBJECTID_1">6</SimpleData>
          </SchemaData>
        </ExtendedData>
        <MultiGeometry>
          <Polygon>
            <outerBoundaryIs>
              <LinearRing>
                <coordinates>
                  -56.1752985997585,-24.2305609004859,0
                  -56.1753028998555,-24.2308066986326,0
                  -56.1759895985539,-24.2306371003407,0
                  -56.1760693013865,-24.2305842998191,0
                  -56.176050801604,-24.2304018992321,0
                  -56.1752985997585,-24.2305609004859,0
                </coordinates>
              </LinearRing>
            </outerBoundaryIs>
          </Polygon>
          <Polygon>
            <outerBoundaryIs>
              <LinearRing>
                <coordinates>
                  -56.1763066995825,-24.2293732988212,0
                  -56.1766383010682,-24.2301850000479,0
                  -56.1772404996025,-24.2300382995442,0
                  -56.1769233999327,-24.2292287000758,0
                  -56.1763066995825,-24.2293732988212,0
                </coordinates>
              </LinearRing>
            </outerBoundaryIs>
          </Polygon>
        </MultiGeometry>
      </Placemark>
      <Placemark id="GUAYAIBI.42">
        <ExtendedData>
          <SchemaData schemaUrl="#GUAYAIBI.schema">
            <SimpleData name="Cédula">7826874.00000000000</SimpleData>
            <SimpleData name="cedula">7826874</SimpleData>
            <SimpleData name="Cédula_1">7826874.00000000000</SimpleData>
            <SimpleData name="N_">4.00000000000</SimpleData>
            <SimpleData name="Nombres_y_">CELINA MARTINEZ ESTIGARRIBIA</SimpleData>
            <SimpleData name="Sexo">Mujer</SimpleData>
            <SimpleData name="Cambio_de_">NO</SimpleData>
            <SimpleData name="Titular_se">NO</SimpleData>
            <SimpleData name="Cédula_Ti">0.00000000000</SimpleData>
            <SimpleData name="Situación">NO</SimpleData>
            <SimpleData name="Comunidad">Campesina</SimpleData>
            <SimpleData name="Modelo_imp">Modelo 5</SimpleData>
            <SimpleData name="Departamen">SAN PEDRO</SimpleData>
            <SimpleData name="Distrito">GUAYAIBI</SimpleData>
            <SimpleData name="Localidad">ASENT. JUSTO VILLANUEVA LUZ BELLA</SimpleData>
            <SimpleData name="Teléfono">0975333561</SimpleData>
            <SimpleData name="Vivienda_L">-24.32270790000</SimpleData>
            <SimpleData name="Vivienda_1">-56.15916970000</SimpleData>
            <SimpleData name="Superficie">0.70000000000</SimpleData>
            <SimpleData name="Situaci_1">Pol?gono</SimpleData>
            <SimpleData name="Plantado">SI</SimpleData>
            <SimpleData name="Parcela_La">-24.32404447000</SimpleData>
            <SimpleData name="Parcela_Lo">-56.15919129000</SimpleData>
            <SimpleData name="Grupo_Impl">G1</SimpleData>
            <SimpleData name="Grupo_de_P">Lote 1-P3-XX-XX-XX</SimpleData>
            <SimpleData name="Jornales">0.00000000000</SimpleData>
            <SimpleData name="Monto">0.00000000000</SimpleData>
            <SimpleData name="ETAPA_FAO">Mantenimiento A?o 1.1</SimpleData>
            <SimpleData name="Estado_del">Activo</SimpleData>
            <SimpleData name="Adjudicado">SI</SimpleData>
            <SimpleData name="Empresa">Hyh Consultores SRL</SimpleData>
            <SimpleData name="Lote">Lote 1</SimpleData>
            <SimpleData name="Monitorear">Si</SimpleData>
            <SimpleData name="Fecha_de_M">13/4/2026</SimpleData>
            <SimpleData name="F__de_pren">60</SimpleData>
            <SimpleData name="Estado_FAO">Monitorear reposicion</SimpleData>
            <SimpleData name="Etapa_de_i">Mantenimiento A?o 1.1</SimpleData>
            <SimpleData name="Fecha_visi">2026/09/12</SimpleData>
            <SimpleData name="Cumple_sup">Si</SimpleData>
            <SimpleData name="Estado_mon">-</SimpleData>
            <SimpleData name="Situaci_12">-</SimpleData>
            <SimpleData name="Observaci">-</SimpleData>
            <SimpleData name="Dias_trans">15.16662037040</SimpleData>
            <SimpleData name="Prioridad">ALTA</SimpleData>
            <SimpleData name="OBJECTID_1">4</SimpleData>
          </SchemaData>
        </ExtendedData>
        <Polygon>
          <outerBoundaryIs>
            <LinearRing>
              <coordinates>
                -56.1590088008705,-24.3230908000342,0
                -56.1589983000975,-24.325002900177,0
                -56.1593799998989,-24.3249967003779,0
                -56.1593766992642,-24.3230638998707,0
                -56.1590088008705,-24.3230908000342,0
              </coordinates>
            </LinearRing>
          </outerBoundaryIs>
        </Polygon>
      </Placemark>
    </Document>
  </Document>
</kml>
